round_epochs,loss,accuracy,val_loss,val_accuracy,activation,batch_size,dropout,epochs,first_neuron,hidden_layers,kernel_initializer,last_neuron,shapes
11,1.2396160364151,0.4987146556377411,1.024854302406311,0.5236139893531799,relu,2467,0.2354,500,2587,5,he_normal,2115,funnel
108,1.1398134231567383,0.4750642776489258,0.9815605282783508,0.5277207493782043,relu,2467,0.5489999999999999,500,2174,0,he_normal,50,triangle
22,0.9790383577346802,0.5305912494659424,0.9807648062705994,0.533880889415741,relu,694,0.30399999999999994,500,1702,4,glorot_normal,1643,triangle
260,0.9778168201446533,0.5264781713485718,0.9777033925056458,0.5256673693656921,relu,2467,0.2354,500,2174,0,glorot_normal,1643,funnel
28,1.0277284383773804,0.4987146556377411,0.9810842275619507,0.5297741293907166,relu,1285,0.2354,500,2587,0,he_normal,1643,triangle
132,0.9902340769767761,0.5244215726852417,0.9803693890571594,0.546201229095459,relu,3649,0.6175999999999999,500,2587,5,glorot_normal,581,funnel
16,4.768479824066162,0.34961438179016113,1.0967944860458374,0.35523614287376404,relu,2467,0.6175999999999999,500,168,4,he_normal,50,brick
69,0.9743822813034058,0.5336760878562927,0.9808107018470764,0.5256673693656921,relu,694,0.0198,500,168,2,glorot_normal,2115,brick
7,1.1227128505706787,0.40822622179985046,1.0932893753051758,0.4558521509170532,relu,1285,0.7547999999999998,500,1702,5,glorot_normal,1112,triangle
319,1.0449668169021606,0.45089974999427795,1.0666182041168213,0.4558521509170532,relu,694,0.6175999999999999,500,168,5,glorot_normal,50,funnel
20,11.492899894714355,0.3598971664905548,1.034738302230835,0.5195071697235107,relu,3649,0.7547999999999998,500,2587,4,he_normal,2115,triangle
7,1.6220176219940186,0.3377892076969147,1.2440407276153564,0.2279260754585266,relu,2467,0.2354,500,109,4,he_normal,2469,funnel
41,1.0066664218902588,0.48534703254699707,0.9997005462646484,0.533880889415741,relu,1876,0.5489999999999999,500,2587,5,glorot_normal,2469,funnel
13,1.0709288120269775,0.4452442228794098,1.069961667060852,0.4558521509170532,relu,1876,0.6077999999999999,500,109,4,glorot_normal,2469,triangle
9,0.986520528793335,0.5300770998001099,0.9862862825393677,0.5359342694282532,relu,1285,0.0198,500,2587,4,glorot_normal,1643,brick
102,1.0105605125427246,0.49768638610839844,0.9861817955970764,0.5318275094032288,relu,1285,0.7547999999999998,500,2174,2,glorot_normal,50,funnel
5,1.1172887086868286,0.3938303291797638,1.0947041511535645,0.4558521509170532,relu,694,0.7547999999999998,500,2174,5,glorot_normal,2469,triangle
26,1.191726565361023,0.4514138698577881,0.9869223237037659,0.533880889415741,relu,1285,0.6175999999999999,500,2587,0,he_normal,2469,triangle
5,1.8943861722946167,0.4221079647541046,1.1155790090560913,0.521560549736023,relu,694,0.6077999999999999,500,2174,2,he_normal,50,brick
4,1.5733152627944946,0.38663238286972046,1.0904011726379395,0.4558521509170532,relu,1876,0.7547999999999998,500,168,5,glorot_normal,2115,brick
4,2.7568044662475586,0.3902313709259033,1.2506364583969116,0.4558521509170532,relu,1285,0.6077999999999999,500,109,2,he_normal,2115,triangle
500,1.0343728065490723,0.4802056550979614,1.0167269706726074,0.5236139893531799,relu,1876,0.6175999999999999,500,109,2,glorot_normal,50,brick
6,1.0682958364486694,0.45038560032844543,1.0803492069244385,0.4558521509170532,relu,1285,0.6077999999999999,500,2587,5,glorot_normal,1643,brick
272,1.229068636894226,0.4113110601902008,0.9927647113800049,0.5154004096984863,relu,1876,0.7547999999999998,500,168,0,he_normal,1112,funnel
6,1.8429069519042969,0.37634962797164917,1.044665813446045,0.5030800700187683,relu,3649,0.5489999999999999,500,1702,2,he_normal,2469,triangle
19,0.9789363741874695,0.5249357223510742,0.9810362458229065,0.5297741293907166,relu,694,0.0198,500,109,2,glorot_normal,1643,triangle
4,1.4151633977890015,0.37583547830581665,1.0659891366958618,0.4558521509170532,relu,694,0.30399999999999994,500,109,4,he_normal,50,triangle
19,1.0847307443618774,0.5074549913406372,0.9891786575317383,0.5010266900062561,relu,1876,0.2354,500,2587,2,he_normal,2469,funnel
6,1.3182116746902466,0.3902313709259033,1.1069276332855225,0.42915812134742737,relu,3649,0.2354,500,168,4,he_normal,581,triangle
8,1.5511062145233154,0.4215938448905945,0.9867057800292969,0.5297741293907166,relu,1285,0.5489999999999999,500,2174,2,he_normal,50,triangle
25,0.9807788133621216,0.5295630097389221,0.9859297275543213,0.5297741293907166,relu,3649,0.0198,500,168,5,glorot_normal,2115,triangle
500,1.0052857398986816,0.5038560628890991,0.9894816279411316,0.5174537897109985,relu,2467,0.6077999999999999,500,168,0,glorot_normal,2469,brick
5,1.1467957496643066,0.4755783975124359,1.3588898181915283,0.42094457149505615,relu,1285,0.2354,500,2174,2,he_normal,581,brick
5,1.2261936664581299,0.43393316864967346,1.242810606956482,0.41067761182785034,relu,3649,0.0198,500,2587,2,he_normal,1112,funnel
22,0.9897480010986328,0.5131105184555054,0.9889223575592041,0.5277207493782043,relu,2467,0.30399999999999994,500,2587,4,glorot_normal,2115,triangle
12,1.0658665895462036,0.4519280195236206,1.0679618120193481,0.4558521509170532,relu,1285,0.6175999999999999,500,168,4,glorot_normal,2115,triangle
5,1.245889663696289,0.39280205965042114,1.0720821619033813,0.4599589407444,relu,1285,0.2354,500,168,4,he_normal,1112,brick
22,0.980114758014679,0.5254498720169067,0.9813079237937927,0.5318275094032288,relu,2467,0.30399999999999994,500,2174,2,glorot_normal,1643,triangle
228,0.9772652387619019,0.5264781713485718,0.9774518609046936,0.5256673693656921,relu,2467,0.2354,500,2587,0,glorot_normal,1643,triangle
500,0.9997262358665466,0.5136246681213379,0.9893008470535278,0.521560549736023,relu,2467,0.5489999999999999,500,168,0,glorot_normal,581,brick
4,5.293399810791016,0.3269922733306885,1.1733696460723877,0.31622177362442017,relu,2467,0.5489999999999999,500,168,5,he_normal,2469,triangle
11,0.9806609153747559,0.5316195487976074,0.9811379909515381,0.5256673693656921,relu,1285,0.0198,500,2587,2,glorot_normal,1643,funnel
13,0.986152172088623,0.5223650336265564,0.9946190714836121,0.5359342694282532,relu,1285,0.30399999999999994,500,2587,4,glorot_normal,50,brick
31,0.9773058891296387,0.5295630097389221,0.9786943197250366,0.5277207493782043,relu,694,0.0198,500,109,2,glorot_normal,581,funnel
11,5.852885723114014,0.3598971664905548,1.0773093700408936,0.4455852210521698,relu,2467,0.6077999999999999,500,1702,5,he_normal,2469,funnel
20,0.9803779721260071,0.5244215726852417,0.9806298017501831,0.5256673693656921,relu,1876,0.0198,500,2174,2,glorot_normal,581,triangle
7,2.128617763519287,0.37377890944480896,1.0545942783355713,0.521560549736023,relu,694,0.6175999999999999,500,168,2,he_normal,2115,brick
104,1.1530073881149292,0.4437018036842346,0.9782389998435974,0.521560549736023,relu,3649,0.5489999999999999,500,1702,0,he_normal,1112,brick
423,1.0646886825561523,0.4493573307991028,1.0754871368408203,0.4558521509170532,relu,3649,0.6077999999999999,500,109,5,glorot_normal,2115,brick
14,0.9836849570274353,0.5264781713485718,0.9838487505912781,0.5359342694282532,relu,2467,0.0198,500,2587,4,glorot_normal,1643,funnel
500,1.0035722255706787,0.5203084945678711,0.9931581020355225,0.5236139893531799,relu,2467,0.5489999999999999,500,168,0,glorot_normal,2469,brick
225,0.9815904498100281,0.5244215726852417,0.9779955744743347,0.5256673693656921,relu,2467,0.6175999999999999,500,2587,0,glorot_normal,581,triangle
14,2.0080156326293945,0.35012853145599365,1.1082061529159546,0.42505133152008057,relu,1876,0.6175999999999999,500,109,2,he_normal,581,triangle
500,1.1969594955444336,0.40154242515563965,1.0192217826843262,0.47638604044914246,relu,1876,0.7547999999999998,500,109,0,he_normal,1112,triangle
62,1.0423041582107544,0.4822622239589691,0.979227602481842,0.5256673693656921,relu,2467,0.30399999999999994,500,2174,0,he_normal,2469,brick
42,1.1484743356704712,0.45295628905296326,0.9857955574989319,0.5318275094032288,relu,2467,0.6077999999999999,500,2587,0,he_normal,581,triangle
26,1.1943244934082031,0.44010281562805176,0.9874892234802246,0.5236139893531799,relu,694,0.6077999999999999,500,1702,0,he_normal,1112,funnel
6,5.258938789367676,0.34138816595077515,1.0160502195358276,0.5030800700187683,relu,2467,0.6175999999999999,500,2174,4,he_normal,581,triangle
86,0.9797431230545044,0.523907482624054,0.9789132475852966,0.5256673693656921,relu,694,0.6077999999999999,500,2587,0,glorot_normal,581,brick
7,2.033475399017334,0.39074549078941345,1.3546711206436157,0.35112935304641724,relu,2467,0.5489999999999999,500,2587,2,he_normal,2469,brick
5,1.16275954246521,0.4385603964328766,1.0106346607208252,0.5112936496734619,relu,694,0.5489999999999999,500,2174,0,he_normal,2469,funnel
91,3.3745687007904053,0.33521851897239685,1.0934799909591675,0.41067761182785034,relu,1876,0.7547999999999998,500,168,2,he_normal,2115,brick
16,1.008000373840332,0.5223650336265564,1.0027130842208862,0.5256673693656921,relu,1876,0.2354,500,2587,5,glorot_normal,581,brick
147,1.0292551517486572,0.4519280195236206,1.0166593790054321,0.5420944690704346,relu,694,0.6077999999999999,500,168,5,glorot_normal,581,triangle
40,1.164372444152832,0.44884318113327026,0.9920997619628906,0.5297741293907166,relu,2467,0.5489999999999999,500,2587,0,he_normal,581,triangle
500,1.1876788139343262,0.3984575867652893,1.028136134147644,0.47227925062179565,relu,3649,0.7547999999999998,500,109,0,he_normal,2115,funnel
6,1.3746737241744995,0.3557840585708618,1.010913372039795,0.521560549736023,relu,1876,0.30399999999999994,500,2587,5,he_normal,581,funnel
4,17.92456817626953,0.353213369846344,1.1806226968765259,0.4558521509170532,relu,2467,0.7547999999999998,500,2174,4,he_normal,1112,funnel
4,1.249802589416504,0.5028277635574341,1.0593968629837036,0.5379877090454102,relu,694,0.30399999999999994,500,2174,2,he_normal,2115,funnel
37,0.9886487722396851,0.5228791832923889,0.9826833009719849,0.5400410890579224,relu,3649,0.30399999999999994,500,109,2,glorot_normal,2469,triangle
250,1.0051095485687256,0.5131105184555054,0.9842593669891357,0.5379877090454102,relu,1285,0.6175999999999999,500,168,2,glorot_normal,2115,brick
81,0.9797863960266113,0.5280205607414246,0.9786814451217651,0.5277207493782043,relu,694,0.2354,500,2587,0,glorot_normal,2115,triangle
66,1.304675817489624,0.4066838026046753,1.0107784271240234,0.5051334500312805,relu,694,0.5489999999999999,500,168,2,he_normal,2115,brick
9,2.0899744033813477,0.4179948568344116,1.0672804117202759,0.5195071697235107,relu,3649,0.6175999999999999,500,2174,2,he_normal,2469,brick
23,17.493770599365234,0.36041131615638733,1.0848456621170044,0.3798767924308777,relu,3649,0.7547999999999998,500,2587,5,he_normal,2469,triangle
5,8.240440368652344,0.3552699089050293,1.1687052249908447,0.42094457149505615,relu,3649,0.6077999999999999,500,168,5,he_normal,1112,funnel
79,0.9794615507125854,0.5285347104072571,0.9781014919281006,0.5256673693656921,relu,694,0.2354,500,2587,0,glorot_normal,2115,brick
6,1.1113216876983643,0.42467865347862244,1.0924131870269775,0.4558521509170532,relu,2467,0.7547999999999998,500,2174,5,glorot_normal,2469,funnel
27,0.9868864417076111,0.5264781713485718,0.9920367002487183,0.533880889415741,relu,1285,0.5489999999999999,500,1702,4,glorot_normal,50,brick
8,1.124931812286377,0.4190231263637543,1.091040849685669,0.4558521509170532,relu,1876,0.7547999999999998,500,2174,5,glorot_normal,1643,funnel
312,1.015153169631958,0.4884318709373474,0.9887896180152893,0.5379877090454102,relu,2467,0.7547999999999998,500,168,2,glorot_normal,1112,triangle
11,1.936354398727417,0.3552699089050293,1.015027642250061,0.5030800700187683,relu,3649,0.5489999999999999,500,168,2,he_normal,1643,triangle
70,1.1549592018127441,0.40154242515563965,1.0121639966964722,0.4948665201663971,relu,1876,0.2354,500,109,4,he_normal,1643,brick
18,0.9863243103027344,0.5269922614097595,0.987379252910614,0.533880889415741,relu,1876,0.2354,500,1702,4,glorot_normal,2469,funnel
14,0.9881482124328613,0.523907482624054,0.9896200299263,0.521560549736023,relu,1876,0.0198,500,1702,2,glorot_normal,1643,brick
8,1.2399046421051025,0.4241645336151123,1.0823912620544434,0.42094457149505615,relu,1285,0.30399999999999994,500,2174,4,he_normal,1643,funnel
415,1.0033167600631714,0.501799464225769,0.9880041480064392,0.5297741293907166,relu,1876,0.5489999999999999,500,109,2,glorot_normal,2469,brick
223,0.9922187328338623,0.5223650336265564,0.9841046929359436,0.5318275094032288,relu,1876,0.2354,500,109,2,glorot_normal,50,triangle
500,0.9968324303627014,0.5213367342948914,0.9927219748497009,0.5236139893531799,relu,2467,0.0198,500,109,0,glorot_normal,50,brick
20,0.9873214364051819,0.5233933329582214,0.9835951924324036,0.5400410890579224,relu,1285,0.6077999999999999,500,2587,2,glorot_normal,1643,triangle
52,16.218246459960938,0.33521851897239685,1.076492190361023,0.45790553092956543,relu,1285,0.7547999999999998,500,168,5,he_normal,50,funnel
500,1.0319784879684448,0.47609254717826843,1.0083626508712769,0.5051334500312805,relu,2467,0.2354,500,109,0,he_normal,1112,funnel
4,10.813835144042969,0.3727506399154663,1.5683257579803467,0.4558521509170532,relu,2467,0.6077999999999999,500,109,5,he_normal,1643,funnel
226,0.9775687456130981,0.5285347104072571,0.9778305292129517,0.5256673693656921,relu,2467,0.2354,500,2587,0,glorot_normal,2115,brick
4,17.004972457885742,0.35424163937568665,1.2019883394241333,0.31622177362442017,relu,694,0.7547999999999998,500,1702,4,he_normal,581,funnel
500,1.0015435218811035,0.510025680065155,0.9939877390861511,0.5236139893531799,relu,3649,0.5489999999999999,500,168,0,glorot_normal,2469,brick
40,3.578699827194214,0.3321336805820465,1.0689529180526733,0.46817249059677124,relu,1876,0.6077999999999999,500,109,4,he_normal,50,triangle
76,3.535836696624756,0.36041131615638733,1.049336314201355,0.4599589407444,relu,1876,0.6175999999999999,500,168,4,he_normal,1643,brick
168,0.9865736961364746,0.5259640216827393,0.9829853773117065,0.5174537897109985,relu,1876,0.6077999999999999,500,1702,0,glorot_normal,1112,triangle
16,0.9870473146438599,0.5249357223510742,0.9828731417655945,0.5277207493782043,relu,1876,0.30399999999999994,500,2174,2,glorot_normal,581,brick
158,1.0181268453598022,0.5007712244987488,0.9850128889083862,0.546201229095459,relu,1876,0.6175999999999999,500,1702,4,glorot_normal,50,funnel
6,1.1358082294464111,0.4215938448905945,0.9947236776351929,0.521560549736023,relu,1285,0.2354,500,2174,5,he_normal,581,funnel
150,1.0102835893630981,0.5007712244987488,0.9887421727180481,0.5297741293907166,relu,1876,0.5489999999999999,500,168,2,glorot_normal,581,triangle
10,1.061203122138977,0.45038560032844543,1.0669275522232056,0.4558521509170532,relu,2467,0.6175999999999999,500,2174,4,glorot_normal,2469,funnel
7,1.7928130626678467,0.42467865347862244,1.0355720520019531,0.5420944690704346,relu,2467,0.5489999999999999,500,2174,2,he_normal,1643,brick
45,0.9996086955070496,0.5095115900039673,0.9862906336784363,0.5400410890579224,relu,1876,0.7547999999999998,500,2587,2,glorot_normal,2115,brick
13,14.854683876037598,0.3429305851459503,1.063267707824707,0.46611911058425903,relu,1876,0.7547999999999998,500,2174,4,he_normal,581,funnel
18,0.9794759154319763,0.5285347104072571,0.9828963875770569,0.5256673693656921,relu,2467,0.0198,500,2174,2,glorot_normal,2469,brick
7,1.0597996711730957,0.45038560032844543,1.069120168685913,0.4558521509170532,relu,694,0.6077999999999999,500,1702,4,glorot_normal,581,brick
11,2.789336681365967,0.3902313709259033,1.005983829498291,0.4599589407444,relu,1876,0.5489999999999999,500,1702,4,he_normal,2115,triangle
4,1.6339532136917114,0.4282776415348053,1.0301133394241333,0.5195071697235107,relu,694,0.5489999999999999,500,1702,2,he_normal,2115,triangle
9,1.1212968826293945,0.4282776415348053,1.0914571285247803,0.4558521509170532,relu,3649,0.7547999999999998,500,1702,5,glorot_normal,1112,funnel
9,1.151086688041687,0.38406169414520264,1.0867798328399658,0.4558521509170532,relu,1285,0.7547999999999998,500,168,4,glorot_normal,2115,triangle
36,1.1746400594711304,0.3943444788455963,1.0079706907272339,0.533880889415741,relu,1285,0.30399999999999994,500,168,4,he_normal,1112,brick
8,3.0936973094940186,0.33110541105270386,1.0871505737304688,0.3942505121231079,relu,3649,0.5489999999999999,500,2587,4,he_normal,2469,brick
12,0.9751009345054626,0.5295630097389221,0.9838167428970337,0.5236139893531799,relu,694,0.0198,500,2174,5,glorot_normal,2115,funnel
98,3.6828744411468506,0.33316195011138916,1.1071182489395142,0.41889116168022156,relu,3649,0.6077999999999999,500,109,4,he_normal,50,funnel
12,1.1772335767745972,0.4349614381790161,1.0394093990325928,0.4332648813724518,relu,2467,0.30399999999999994,500,2174,5,he_normal,1112,triangle
67,1.1318436861038208,0.4241645336151123,1.0290932655334473,0.5010266900062561,relu,1285,0.30399999999999994,500,109,4,he_normal,581,brick
6,1.030754566192627,0.48894602060317993,1.010321855545044,0.5236139893531799,relu,1285,0.30399999999999994,500,2587,2,he_normal,50,funnel
11,1.0595272779464722,0.45038560032844543,1.068293809890747,0.4558521509170532,relu,1876,0.5489999999999999,500,2174,5,glorot_normal,2115,triangle
14,1.054802656173706,0.45038560032844543,1.067339301109314,0.4558521509170532,relu,2467,0.5489999999999999,500,2587,5,glorot_normal,50,triangle
6,1.0643633604049683,0.4493573307991028,1.0831074714660645,0.4558521509170532,relu,694,0.6175999999999999,500,2174,5,glorot_normal,50,brick
4,2.043254852294922,0.40359896421432495,1.7747974395751953,0.4558521509170532,relu,2467,0.30399999999999994,500,168,5,he_normal,2115,triangle
140,0.9878555536270142,0.5218508839607239,0.9803469777107239,0.5400410890579224,relu,2467,0.30399999999999994,500,168,2,glorot_normal,50,brick
64,1.534011960029602,0.387146532535553,1.0017170906066895,0.5277207493782043,relu,1285,0.5489999999999999,500,168,2,he_normal,1112,brick
117,0.9832131862640381,0.5269922614097595,0.979049563407898,0.5256673693656921,relu,1285,0.6175999999999999,500,2587,0,glorot_normal,50,funnel
19,0.9846473336219788,0.5244215726852417,0.9931216835975647,0.533880889415741,relu,3649,0.0198,500,2174,5,glorot_normal,1112,funnel
10,1.030969500541687,0.4652956426143646,1.047410249710083,0.47433266043663025,relu,1876,0.0198,500,2174,5,he_normal,50,triangle
171,1.0556836128234863,0.45089974999427795,1.0781631469726562,0.4558521509170532,relu,694,0.6077999999999999,500,168,5,glorot_normal,2469,brick
106,0.994185209274292,0.5218508839607239,0.9920663237571716,0.5297741293907166,relu,1876,0.6077999999999999,500,1702,0,glorot_normal,581,brick
16,0.9796091318130493,0.5285347104072571,0.9837234616279602,0.533880889415741,relu,694,0.0198,500,168,5,glorot_normal,1112,funnel
20,1.2930715084075928,0.34190231561660767,1.0910224914550781,0.4558521509170532,relu,1285,0.7547999999999998,500,109,4,glorot_normal,1112,brick
16,0.9874266982078552,0.5161953568458557,0.9844943284988403,0.5400410890579224,relu,694,0.6175999999999999,500,2174,2,glorot_normal,1112,brick
214,0.9962681531906128,0.5187660455703735,0.9852055311203003,0.533880889415741,relu,1876,0.30399999999999994,500,168,5,glorot_normal,2469,brick
8,0.9807671308517456,0.5311053991317749,0.9867866635322571,0.5379877090454102,relu,694,0.2354,500,2587,2,glorot_normal,2115,triangle
265,0.9806098341941833,0.5280205607414246,0.977855920791626,0.5256673693656921,relu,2467,0.5489999999999999,500,2174,0,glorot_normal,2469,brick
16,0.9820336103439331,0.5295630097389221,0.982699990272522,0.5379877090454102,relu,1285,0.2354,500,1702,2,glorot_normal,1112,triangle
10,1.825321078300476,0.41439589858055115,0.9893144369125366,0.5359342694282532,relu,1876,0.5489999999999999,500,168,2,he_normal,2115,funnel
13,1.059934377670288,0.45038560032844543,1.0634394884109497,0.4558521509170532,relu,2467,0.6175999999999999,500,2587,4,glorot_normal,1643,funnel
219,0.9781816005706787,0.5295630097389221,0.9777054786682129,0.5256673693656921,relu,3649,0.2354,500,2587,0,glorot_normal,1643,triangle
23,0.9842095375061035,0.5280205607414246,0.982201337814331,0.5379877090454102,relu,2467,0.5489999999999999,500,2587,2,glorot_normal,2469,funnel
25,0.9829391241073608,0.5290488600730896,0.9904903769493103,0.5256673693656921,relu,1285,0.30399999999999994,500,2174,5,glorot_normal,581,triangle
5,6.115274906158447,0.36298200488090515,1.0279715061187744,0.4969199299812317,relu,694,0.6077999999999999,500,2174,5,he_normal,581,brick
225,0.980328381061554,0.5269922614097595,0.9776261448860168,0.5256673693656921,relu,3649,0.6077999999999999,500,2587,0,glorot_normal,581,brick
4,5.2959747314453125,0.3429305851459503,1.275888204574585,0.2279260754585266,relu,1876,0.6175999999999999,500,2174,4,he_normal,581,triangle
9,1.0668776035308838,0.45038560032844543,1.0794909000396729,0.4558521509170532,relu,2467,0.6175999999999999,500,1702,5,glorot_normal,2115,funnel
500,1.008388638496399,0.5125964283943176,1.0036518573760986,0.5277207493782043,relu,3649,0.2354,500,109,0,glorot_normal,1112,funnel
15,1.1708228588104248,0.4431876540184021,0.9853161573410034,0.5256673693656921,relu,694,0.6077999999999999,500,2587,0,he_normal,2115,triangle
12,1.064490795135498,0.45038560032844543,1.0686516761779785,0.4558521509170532,relu,2467,0.6175999999999999,500,1702,4,glorot_normal,1643,brick
8,4.26063346862793,0.35681232810020447,1.1081721782684326,0.3901437222957611,relu,2467,0.6077999999999999,500,2174,4,he_normal,1643,triangle
46,0.9822515845298767,0.5254498720169067,0.9812065958976746,0.5318275094032288,relu,3649,0.0198,500,2587,0,he_normal,581,funnel
5,1.0783486366271973,0.43547558784484863,1.0887545347213745,0.4558521509170532,relu,694,0.7547999999999998,500,2587,4,glorot_normal,2115,triangle
27,0.9863331317901611,0.5218508839607239,0.9799096584320068,0.5400410890579224,relu,3649,0.6175999999999999,500,2587,2,glorot_normal,581,brick
37,0.9882978796958923,0.5167095065116882,0.979004979133606,0.5379877090454102,relu,2467,0.5489999999999999,500,2174,2,glorot_normal,581,funnel
291,0.9769489169120789,0.5300770998001099,0.9781113266944885,0.5277207493782043,relu,3649,0.7547999999999998,500,2174,0,glorot_normal,1112,brick
23,0.9793452024459839,0.527506411075592,0.9816113710403442,0.5359342694282532,relu,3649,0.2354,500,1702,2,glorot_normal,581,brick
43,1.036422848701477,0.4925449788570404,0.9775476455688477,0.5297741293907166,relu,694,0.30399999999999994,500,1702,0,he_normal,50,brick
28,0.9884929060935974,0.5151671171188354,0.9840052127838135,0.533880889415741,relu,3649,0.2354,500,1702,4,glorot_normal,1112,funnel
92,1.0045849084854126,0.5182519555091858,0.9807933568954468,0.5379877090454102,relu,694,0.30399999999999994,500,109,4,glorot_normal,50,brick
348,1.028686285018921,0.4940873980522156,0.9817935228347778,0.5318275094032288,relu,694,0.6175999999999999,500,109,0,he_normal,2469,triangle
418,1.048607587814331,0.4493573307991028,1.0703012943267822,0.4558521509170532,relu,2467,0.6077999999999999,500,109,5,glorot_normal,2115,brick
6,1.1302616596221924,0.4524421691894531,1.0529471635818481,0.5318275094032288,relu,1876,0.2354,500,1702,2,he_normal,581,funnel
27,0.991263747215271,0.519280195236206,0.9720365405082703,0.5236139893531799,relu,1876,0.0198,500,168,4,he_normal,2115,brick
236,0.9771386384963989,0.5285347104072571,0.9774731397628784,0.5256673693656921,relu,2467,0.6077999999999999,500,2587,0,glorot_normal,1643,funnel
9,1.0724085569381714,0.45038560032844543,1.0689940452575684,0.4558521509170532,relu,3649,0.5489999999999999,500,168,4,glorot_normal,2115,funnel
21,0.9971264600753784,0.5136246681213379,0.9945214986801147,0.521560549736023,relu,2467,0.2354,500,2174,5,glorot_normal,2469,triangle
25,9.09571647644043,0.3444730043411255,1.073617935180664,0.4558521509170532,relu,1876,0.7547999999999998,500,1702,4,he_normal,50,funnel
5,1.0653108358383179,0.4822622239589691,1.2144237756729126,0.4496919810771942,relu,1285,0.0198,500,2174,4,he_normal,2469,triangle
38,1.199774980545044,0.44010281562805176,0.9977628588676453,0.5256673693656921,relu,1876,0.6077999999999999,500,2174,0,he_normal,1643,funnel
71,1.5137966871261597,0.39074549078941345,1.0009597539901733,0.5256673693656921,relu,1876,0.5489999999999999,500,168,2,he_normal,1643,brick
500,1.0217390060424805,0.4940873980522156,0.9915168285369873,0.533880889415741,relu,3649,0.6077999999999999,500,109,2,glorot_normal,50,triangle
4,36.63810348510742,0.3593830466270447,1.6551377773284912,0.4558521509170532,relu,3649,0.7547999999999998,500,1702,5,he_normal,2469,brick
10,1.288055658340454,0.4688946008682251,1.0962543487548828,0.48459959030151367,relu,3649,0.2354,500,1702,5,he_normal,2469,funnel
9,4.734471797943115,0.357326477766037,1.0793931484222412,0.3778234124183655,relu,1876,0.6175999999999999,500,2587,4,he_normal,1112,triangle
9,1.19637131690979,0.41850900650024414,1.0372037887573242,0.47022587060928345,relu,1876,0.5489999999999999,500,1702,0,he_normal,2115,funnel
15,1.0960849523544312,0.43393316864967346,1.0866708755493164,0.4558521509170532,relu,694,0.6175999999999999,500,109,5,glorot_normal,1112,triangle
221,0.9782108664512634,0.5259640216827393,0.9774280190467834,0.5256673693656921,relu,3649,0.2354,500,2587,0,glorot_normal,2469,triangle
4,9.186206817626953,0.37326478958129883,1.2678297758102417,0.4558521509170532,relu,2467,0.6175999999999999,500,2174,5,he_normal,1112,funnel
116,0.9868658185005188,0.5285347104072571,0.9827065467834473,0.5236139893531799,relu,1876,0.30399999999999994,500,2174,0,glorot_normal,2115,funnel
7,1.9699461460113525,0.3989717364311218,1.0664561986923218,0.5318275094032288,relu,2467,0.5489999999999999,500,2587,2,he_normal,581,brick
6,1.4083553552627563,0.45295628905296326,1.0669091939926147,0.47022587060928345,relu,1285,0.30399999999999994,500,1702,4,he_normal,2115,funnel
138,0.9918200373649597,0.5197943449020386,0.9843354225158691,0.521560549736023,relu,1876,0.7547999999999998,500,2587,0,glorot_normal,581,brick
37,0.9857228398323059,0.523907482624054,0.975351870059967,0.5441478490829468,relu,1876,0.5489999999999999,500,1702,2,glorot_normal,2469,brick
25,0.9899976253509521,0.519280195236206,0.9790769219398499,0.5297741293907166,relu,694,0.30399999999999994,500,109,2,glorot_normal,1643,triangle
258,0.9771525859832764,0.5264781713485718,0.977216362953186,0.5256673693656921,relu,3649,0.0198,500,2174,0,glorot_normal,50,funnel
7,1.1483923196792603,0.3917737901210785,1.0887424945831299,0.4558521509170532,relu,2467,0.7547999999999998,500,109,4,glorot_normal,2469,funnel
53,1.0812959671020508,0.44267353415489197,1.0049697160720825,0.5174537897109985,relu,2467,0.2354,500,168,5,he_normal,581,funnel
301,0.9981354475021362,0.5197943449020386,0.9812003374099731,0.5420944690704346,relu,2467,0.30399999999999994,500,109,5,glorot_normal,50,brick
7,1.4801455736160278,0.374807208776474,1.076208472251892,0.453798770904541,relu,1285,0.7547999999999998,500,2587,0,he_normal,1112,brick
79,0.9791817665100098,0.5249357223510742,0.9784104228019714,0.5256673693656921,relu,694,0.30399999999999994,500,2587,0,glorot_normal,2115,triangle
24,1.363036870956421,0.36760926246643066,1.0429579019546509,0.4989733099937439,relu,1285,0.30399999999999994,500,109,4,he_normal,50,triangle
7,3.1587789058685303,0.38817480206489563,1.0855337381362915,0.4969199299812317,relu,3649,0.5489999999999999,500,2174,4,he_normal,1112,brick
8,4.569662094116211,0.3809768557548523,1.1324527263641357,0.4558521509170532,relu,3649,0.7547999999999998,500,109,2,he_normal,1112,triangle
63,0.9926061630249023,0.523907482624054,0.9796711206436157,0.5441478490829468,relu,1876,0.6175999999999999,500,1702,2,glorot_normal,581,funnel
4,4.7332658767700195,0.3681233823299408,1.3456876277923584,0.453798770904541,relu,1876,0.7547999999999998,500,1702,2,he_normal,581,brick
500,1.023384690284729,0.5007712244987488,1.004418134689331,0.5256673693656921,relu,1876,0.7547999999999998,500,109,0,glorot_normal,1112,triangle
41,3.311370849609375,0.3593830466270447,1.0123100280761719,0.5154004096984863,relu,1285,0.7547999999999998,500,109,2,he_normal,1643,triangle
66,0.9919524192810059,0.5269922614097595,0.9854790568351746,0.5256673693656921,relu,694,0.2354,500,109,4,glorot_normal,1643,brick
16,0.9839470386505127,0.5233933329582214,0.9875530004501343,0.5297741293907166,relu,1876,0.0198,500,2587,2,glorot_normal,50,triangle
8,1.6888905763626099,0.412853479385376,1.0148426294326782,0.5256673693656921,relu,2467,0.5489999999999999,500,1702,2,he_normal,581,funnel
96,0.9837744832038879,0.5223650336265564,0.9785592555999756,0.5277207493782043,relu,694,0.7547999999999998,500,2587,0,glorot_normal,1112,triangle
16,0.9792606234550476,0.5285347104072571,0.9826154112815857,0.5256673693656921,relu,2467,0.0198,500,2587,2,glorot_normal,2469,triangle
90,0.9813693761825562,0.5300770998001099,0.9777429699897766,0.5256673693656921,relu,694,0.5489999999999999,500,2174,0,glorot_normal,1643,funnel
66,1.1745706796646118,0.43547558784484863,1.0215119123458862,0.4866529703140259,relu,1876,0.30399999999999994,500,109,2,he_normal,50,brick
9,1.0666769742965698,0.45038560032844543,1.0797455310821533,0.4558521509170532,relu,3649,0.6175999999999999,500,2587,5,glorot_normal,2115,brick
430,1.0821844339370728,0.47660669684410095,0.9916452169418335,0.5195071697235107,relu,694,0.7547999999999998,500,168,0,he_normal,1112,funnel
65,1.1931782960891724,0.4560411274433136,0.9885126948356628,0.5236139893531799,relu,2467,0.6175999999999999,500,2587,0,he_normal,50,funnel
10,1.3044871091842651,0.4555269777774811,1.261821985244751,0.4517453908920288,relu,2467,0.2354,500,1702,4,he_normal,2469,funnel
7,1.0632404088974,0.45038560032844543,1.079848051071167,0.4558521509170532,relu,1285,0.6077999999999999,500,2174,5,glorot_normal,581,brick
4,3.6587257385253906,0.3768637478351593,1.1553164720535278,0.5092402696609497,relu,2467,0.5489999999999999,500,1702,4,he_normal,581,triangle
7,1.0649968385696411,0.4493573307991028,1.076037049293518,0.4558521509170532,relu,694,0.6175999999999999,500,109,4,glorot_normal,2115,funnel
5,1.0010288953781128,0.5187660455703735,0.9920879602432251,0.5359342694282532,relu,694,0.0198,500,1702,5,he_normal,1112,funnel
44,1.0951250791549683,0.3835475444793701,1.0869096517562866,0.4558521509170532,relu,3649,0.6175999999999999,500,168,5,glorot_normal,2469,brick
42,0.9820621013641357,0.5249357223510742,0.9813514351844788,0.5359342694282532,relu,1285,0.0198,500,168,5,glorot_normal,1643,brick
82,0.9847909212112427,0.5249357223510742,0.9831334948539734,0.5297741293907166,relu,3649,0.0198,500,1702,0,he_normal,1643,triangle
81,0.9818639159202576,0.5249357223510742,0.9790066480636597,0.5256673693656921,relu,694,0.5489999999999999,500,2587,0,glorot_normal,1643,triangle
14,1.0637956857681274,0.45038560032844543,1.0651503801345825,0.4558521509170532,relu,1876,0.6077999999999999,500,2174,4,glorot_normal,1112,brick
6,1.4120521545410156,0.3598971664905548,1.261110782623291,0.3326488733291626,relu,1285,0.30399999999999994,500,2587,4,he_normal,1643,brick
500,1.0214495658874512,0.4822622239589691,0.9886810779571533,0.521560549736023,relu,3649,0.30399999999999994,500,109,0,he_normal,1112,brick
154,0.9866653680801392,0.5295630097389221,0.9828563332557678,0.5297741293907166,relu,1876,0.5489999999999999,500,1702,0,glorot_normal,1643,triangle
114,0.9914634823799133,0.5300770998001099,0.9874536395072937,0.5236139893531799,relu,1876,0.6175999999999999,500,2174,0,glorot_normal,1643,funnel
69,1.0379602909088135,0.49820050597190857,0.9823505878448486,0.5256673693656921,relu,3649,0.2354,500,2587,0,he_normal,1643,funnel
232,0.9798279404640198,0.5280205607414246,0.9779748916625977,0.5256673693656921,relu,3649,0.6175999999999999,500,2587,0,glorot_normal,2469,triangle
4,1.1441749334335327,0.48894602060317993,1.0821295976638794,0.5236139893531799,relu,1285,0.2354,500,2587,2,he_normal,1112,triangle
5,1.1816537380218506,0.46992287039756775,1.1909856796264648,0.441478431224823,relu,1285,0.30399999999999994,500,2587,2,he_normal,1643,funnel
90,0.9818986654281616,0.5208226442337036,0.9768412113189697,0.5318275094032288,relu,1285,0.0198,500,109,2,glorot_normal,50,brick
18,2.846182346343994,0.36760926246643066,0.9950703382492065,0.5318275094032288,relu,3649,0.6077999999999999,500,1702,4,he_normal,2115,triangle
10,1.0597361326217651,0.523907482624054,1.0102342367172241,0.5256673693656921,relu,1876,0.0198,500,2174,2,he_normal,1112,funnel
18,0.9820796847343445,0.5228791832923889,0.984417736530304,0.533880889415741,relu,2467,0.2354,500,2587,2,glorot_normal,1112,brick
18,1.0671218633651733,0.45038560032844543,1.0744197368621826,0.4558521509170532,relu,1876,0.6175999999999999,500,2587,5,glorot_normal,1112,funnel
15,0.9852994680404663,0.5280205607414246,0.992729902267456,0.533880889415741,relu,2467,0.0198,500,2587,5,glorot_normal,2115,brick
38,4.328248977661133,0.340874046087265,1.0840109586715698,0.4312115013599396,relu,694,0.6175999999999999,500,109,5,he_normal,581,brick
5,2.18581223487854,0.38868895173072815,1.1005131006240845,0.5277207493782043,relu,1876,0.6077999999999999,500,2587,2,he_normal,581,brick
47,4.4110260009765625,0.3681233823299408,1.0787403583526611,0.47227925062179565,relu,694,0.6077999999999999,500,109,5,he_normal,50,brick
129,0.9867228269577026,0.5233933329582214,0.9819878339767456,0.5195071697235107,relu,1876,0.30399999999999994,500,2174,0,glorot_normal,1112,brick
27,0.9833394885063171,0.527506411075592,0.9825637340545654,0.5379877090454102,relu,1285,0.2354,500,168,2,glorot_normal,2115,triangle
7,1.0759806632995605,0.4822622239589691,1.0042680501937866,0.5236139893531799,relu,2467,0.0198,500,1702,4,he_normal,581,funnel
58,0.9949427247047424,0.5156812071800232,0.9804112315177917,0.5441478490829468,relu,3649,0.7547999999999998,500,1702,2,glorot_normal,2115,triangle
428,1.07042396068573,0.4879177510738373,0.9861806035041809,0.5277207493782043,relu,1285,0.6077999999999999,500,168,0,he_normal,2115,triangle
14,1.0759130716323853,0.4534704387187958,1.079983115196228,0.4558521509170532,relu,2467,0.6175999999999999,500,109,5,glorot_normal,2469,triangle
10,1.7214125394821167,0.38303342461586,1.022495985031128,0.4558521509170532,relu,3649,0.5489999999999999,500,1702,2,he_normal,50,triangle
112,1.085423231124878,0.4195372760295868,1.063685417175293,0.4558521509170532,relu,1876,0.7547999999999998,500,168,2,glorot_normal,50,brick
17,1.0686081647872925,0.4838046133518219,0.9807618856430054,0.5400410890579224,relu,1285,0.30399999999999994,500,2587,2,he_normal,1112,triangle
72,0.9819512963294983,0.5254498720169067,0.9788144826889038,0.5256673693656921,relu,694,0.2354,500,2174,0,glorot_normal,50,triangle
500,1.07073175907135,0.4478149116039276,1.0111351013183594,0.5236139893531799,relu,3649,0.6077999999999999,500,168,0,he_normal,581,triangle
9,2.031569719314575,0.40771207213401794,1.0551177263259888,0.5154004096984863,relu,1876,0.6175999999999999,500,1702,2,he_normal,2115,triangle
6,1.0440465211868286,0.4817480742931366,1.0187253952026367,0.533880889415741,relu,3649,0.0198,500,1702,2,he_normal,581,brick
117,0.9804428219795227,0.5280205607414246,0.9780146479606628,0.5256673693656921,relu,1285,0.2354,500,1702,0,glorot_normal,1643,funnel
107,1.0323182344436646,0.4668380320072174,0.9910426735877991,0.533880889415741,relu,694,0.2354,500,168,5,he_normal,2469,brick
19,0.9843692183494568,0.5218508839607239,0.9787201881408691,0.5482546091079712,relu,1285,0.6175999999999999,500,2174,2,glorot_normal,2469,funnel
8,5.974855422973633,0.349100261926651,1.2625946998596191,0.42094457149505615,relu,3649,0.6175999999999999,500,109,4,he_normal,2469,funnel
9,1.3840055465698242,0.4580976963043213,1.080411672592163,0.4496919810771942,relu,3649,0.30399999999999994,500,2174,5,he_normal,1112,brick
11,0.9925643801689148,0.5131105184555054,1.015694260597229,0.46817249059677124,relu,1876,0.0198,500,168,4,he_normal,2115,funnel
8,1.1558175086975098,0.4000000059604645,1.0933865308761597,0.4558521509170532,relu,694,0.7547999999999998,500,109,5,glorot_normal,2115,triangle
209,0.982155442237854,0.5141388177871704,0.981472909450531,0.5297741293907166,relu,694,0.0198,500,168,0,he_normal,1643,funnel
6,1.2329665422439575,0.45501285791397095,1.0048171281814575,0.5441478490829468,relu,3649,0.30399999999999994,500,1702,2,he_normal,1112,triangle
28,0.9764306545257568,0.5264781713485718,0.9828780889511108,0.521560549736023,relu,1285,0.0198,500,168,2,glorot_normal,2115,triangle
10,1.1057214736938477,0.4586118161678314,1.0337090492248535,0.4394250512123108,relu,1285,0.2354,500,2174,4,he_normal,581,brick
105,0.9811901450157166,0.5249357223510742,0.9785419702529907,0.5256673693656921,relu,694,0.5489999999999999,500,1702,0,glorot_normal,1112,triangle
20,0.9841337203979492,0.527506411075592,0.9806774854660034,0.5256673693656921,relu,694,0.30399999999999994,500,1702,5,glorot_normal,581,triangle
13,4.8504180908203125,0.3681233823299408,1.0695769786834717,0.4455852210521698,relu,3649,0.6077999999999999,500,2174,5,he_normal,1112,triangle
174,1.5583540201187134,0.37120822072029114,1.03239905834198,0.4887063801288605,relu,3649,0.6077999999999999,500,109,2,he_normal,1643,brick
8,1.065977931022644,0.45038560032844543,1.0816583633422852,0.4558521509170532,relu,2467,0.6175999999999999,500,2587,5,glorot_normal,50,brick
15,1.0075901746749878,0.49974292516708374,0.9880334734916687,0.5195071697235107,relu,1285,0.0198,500,168,5,he_normal,2469,brick
11,2.1521220207214355,0.38663238286972046,1.0074447393417358,0.5133470296859741,relu,1285,0.6077999999999999,500,168,2,he_normal,2115,funnel
32,0.9942997694015503,0.5187660455703735,0.9961560368537903,0.5297741293907166,relu,2467,0.5489999999999999,500,2587,4,glorot_normal,1643,brick
39,0.9956291913986206,0.5167095065116882,0.9801062941551208,0.5400410890579224,relu,1285,0.6175999999999999,500,2587,2,glorot_normal,50,funnel
63,0.9973131418228149,0.5141388177871704,0.9814013242721558,0.533880889415741,relu,2467,0.6077999999999999,500,168,2,glorot_normal,2469,funnel
29,0.986842155456543,0.5264781713485718,0.9785230159759521,0.5400410890579224,relu,694,0.30399999999999994,500,168,2,glorot_normal,1112,triangle
104,0.9809877872467041,0.527506411075592,0.9791262149810791,0.5256673693656921,relu,1285,0.30399999999999994,500,2174,0,glorot_normal,50,brick
21,0.9830543994903564,0.5280205607414246,0.9935916662216187,0.5174537897109985,relu,1876,0.0198,500,2174,2,glorot_normal,581,funnel
122,0.9886391758918762,0.5259640216827393,0.9832146167755127,0.5236139893531799,relu,1876,0.2354,500,1702,0,glorot_normal,2469,brick
477,1.028368592262268,0.4925449788570404,1.0027433633804321,0.5441478490829468,relu,1285,0.7547999999999998,500,168,2,glorot_normal,1112,brick
9,1.0728716850280762,0.4493573307991028,1.0801414251327515,0.4558521509170532,relu,1876,0.6175999999999999,500,1702,5,glorot_normal,1112,brick
7,4.061618804931641,0.36966580152511597,1.0438982248306274,0.4558521509170532,relu,1285,0.6077999999999999,500,1702,4,he_normal,2115,brick
37,1.0032973289489746,0.5012853741645813,0.9865050315856934,0.5359342694282532,relu,1285,0.30399999999999994,500,168,5,glorot_normal,1112,funnel
23,0.9927113056182861,0.5177378058433533,0.9883162379264832,0.5379877090454102,relu,694,0.6077999999999999,500,2174,4,glorot_normal,1112,brick
4,4.471434593200684,0.37326478958129883,1.256006121635437,0.5174537897109985,relu,2467,0.7547999999999998,500,1702,2,he_normal,1112,triangle
391,1.0009220838546753,0.5146529674530029,0.9838886260986328,0.521560549736023,relu,1285,0.7547999999999998,500,168,0,glorot_normal,2469,brick
56,0.9925200343132019,0.5125964283943176,0.9876269698143005,0.5441478490829468,relu,3649,0.5489999999999999,500,2587,4,glorot_normal,581,triangle
9,2.0039312839508057,0.4159383177757263,1.1299320459365845,0.5256673693656921,relu,1285,0.6175999999999999,500,1702,2,he_normal,1112,triangle
23,0.9964011907577515,0.5136246681213379,0.9934461712837219,0.5256673693656921,relu,2467,0.30399999999999994,500,2174,5,glorot_normal,2469,triangle
334,1.0006545782089233,0.5110539793968201,0.9959253072738647,0.5256673693656921,relu,1876,0.2354,500,109,0,glorot_normal,1112,brick
14,2.8845744132995605,0.37172237038612366,1.021797776222229,0.5277207493782043,relu,1285,0.6175999999999999,500,2587,4,he_normal,581,brick
7,1.0676681995391846,0.45089974999427795,1.0707942247390747,0.4558521509170532,relu,694,0.5489999999999999,500,168,4,glorot_normal,1643,funnel
138,1.0489274263381958,0.47609254717826843,0.9879264831542969,0.5277207493782043,relu,2467,0.2354,500,168,4,he_normal,581,brick
259,1.0582941770553589,0.4385603964328766,1.0507067441940308,0.4558521509170532,relu,1876,0.6175999999999999,500,109,2,glorot_normal,50,funnel
283,0.9810923337936401,0.5280205607414246,0.9784765839576721,0.5256673693656921,relu,3649,0.7547999999999998,500,1702,0,glorot_normal,1112,brick
107,0.98064786195755,0.5321336984634399,0.9786301851272583,0.5256673693656921,relu,694,0.6077999999999999,500,1702,0,glorot_normal,2469,brick
4,6.183506965637207,0.3213367462158203,1.258866548538208,0.4558521509170532,relu,2467,0.5489999999999999,500,168,5,he_normal,581,funnel
4,32.23843765258789,0.3388174772262573,1.2571123838424683,0.223819300532341,relu,694,0.7547999999999998,500,1702,5,he_normal,50,triangle
16,1.186164140701294,0.43393316864967346,1.007261872291565,0.5277207493782043,relu,1876,0.6077999999999999,500,2174,0,he_normal,2115,brick
10,1.0559240579605103,0.4673521816730499,1.0023016929626465,0.5277207493782043,relu,694,0.2354,500,109,5,he_normal,2469,triangle
5,1.4379287958145142,0.40359896421432495,1.2683250904083252,0.4455852210521698,relu,1876,0.2354,500,168,5,he_normal,581,triangle
114,0.981722354888916,0.5259640216827393,0.9790086150169373,0.5256673693656921,relu,1285,0.6077999999999999,500,2587,0,glorot_normal,1112,funnel
7,0.9827184081077576,0.5269922614097595,0.9887916445732117,0.5318275094032288,relu,694,0.0198,500,2587,4,glorot_normal,1112,funnel
6,1.0946590900421143,0.4179948568344116,1.0879656076431274,0.4558521509170532,relu,1285,0.7547999999999998,500,2174,4,glorot_normal,1643,brick
215,0.9926841855049133,0.5244215726852417,0.9812303185462952,0.533880889415741,relu,3649,0.2354,500,109,5,glorot_normal,50,brick
6,2.0396652221679688,0.378920316696167,0.996271014213562,0.5256673693656921,relu,694,0.6077999999999999,500,109,2,he_normal,2115,funnel
8,0.9794492721557617,0.5187660455703735,1.000657558441162,0.5318275094032288,relu,694,0.0198,500,1702,2,he_normal,1643,triangle
13,1.0044482946395874,0.48483291268348694,1.0083035230636597,0.46201232075691223,relu,3649,0.0198,500,168,5,he_normal,581,triangle
23,2.928205728530884,0.3424164652824402,1.0377166271209717,0.46406570076942444,relu,3649,0.5489999999999999,500,109,4,he_normal,1112,brick
68,4.578559398651123,0.3187660574913025,1.0828185081481934,0.3983573019504547,relu,3649,0.6175999999999999,500,168,5,he_normal,50,funnel
146,1.068387508392334,0.4694087505340576,0.9780895113945007,0.5318275094032288,relu,2467,0.2354,500,168,2,he_normal,1112,brick
68,0.9804319739341736,0.5269922614097595,0.9789573550224304,0.5256673693656921,relu,694,0.0198,500,2587,0,glorot_normal,581,triangle
71,2.58536696434021,0.35064268112182617,1.0702826976776123,0.4496919810771942,relu,694,0.6175999999999999,500,109,4,he_normal,581,brick
38,0.9884012937545776,0.5177378058433533,0.976353645324707,0.5359342694282532,relu,2467,0.5489999999999999,500,1702,2,glorot_normal,1112,triangle
43,0.9974836111068726,0.5208226442337036,0.983703076839447,0.5441478490829468,relu,1876,0.30399999999999994,500,168,5,glorot_normal,1643,funnel
404,1.0213228464126587,0.48688945174217224,0.9979583024978638,0.5195071697235107,relu,1876,0.6077999999999999,500,109,2,glorot_normal,50,brick
109,0.9804021716117859,0.5254498720169067,0.9788900017738342,0.5256673693656921,relu,694,0.5489999999999999,500,1702,0,glorot_normal,2115,funnel
46,1.2443387508392334,0.44832906126976013,0.9898177981376648,0.5297741293907166,relu,694,0.7547999999999998,500,1702,0,he_normal,1643,brick
500,1.000414490699768,0.5079691410064697,0.9872856736183167,0.5277207493782043,relu,3649,0.6175999999999999,500,168,0,glorot_normal,2469,brick
229,1.265641689300537,0.4066838026046753,1.0232335329055786,0.48049280047416687,relu,1876,0.7547999999999998,500,168,0,he_normal,2469,funnel
98,0.9802881479263306,0.5187660455703735,0.9749155640602112,0.5256673693656921,relu,3649,0.0198,500,2587,0,he_normal,1112,triangle
223,0.979987621307373,0.5264781713485718,0.9779170155525208,0.5256673693656921,relu,2467,0.6175999999999999,500,2587,0,glorot_normal,50,brick
32,1.2019352912902832,0.39280205965042114,1.015478491783142,0.5318275094032288,relu,694,0.30399999999999994,500,168,4,he_normal,2115,brick
11,1.6194919347763062,0.40359896421432495,1.0727691650390625,0.45790553092956543,relu,1876,0.5489999999999999,500,1702,2,he_normal,581,funnel
27,0.9885712265968323,0.5223650336265564,0.9871145486831665,0.5482546091079712,relu,3649,0.2354,500,2174,4,glorot_normal,1112,funnel
19,1.1898155212402344,0.36143958568573,1.0922046899795532,0.4558521509170532,relu,1876,0.7547999999999998,500,109,4,glorot_normal,1112,triangle
10,4.152298450469971,0.32185089588165283,1.0207180976867676,0.48459959030151367,relu,3649,0.5489999999999999,500,2174,5,he_normal,2115,funnel
46,0.9994727969169617,0.5131105184555054,0.9956722855567932,0.5379877090454102,relu,1876,0.5489999999999999,500,2174,4,glorot_normal,1112,funnel
9,1.069852352142334,0.45089974999427795,1.0761759281158447,0.4558521509170532,relu,1285,0.6175999999999999,500,2587,5,glorot_normal,1112,funnel
15,1.08194899559021,0.44678664207458496,1.071334719657898,0.48049280047416687,relu,3649,0.0198,500,2587,0,he_normal,1643,brick
500,1.0155194997787476,0.4946015477180481,0.9943230748176575,0.5236139893531799,relu,3649,0.7547999999999998,500,168,0,glorot_normal,50,funnel
4,8.864938735961914,0.3383033275604248,1.0519415140151978,0.4394250512123108,relu,1876,0.6175999999999999,500,1702,5,he_normal,2469,funnel
96,0.9824222326278687,0.5331619381904602,0.9794147610664368,0.5256673693656921,relu,694,0.6077999999999999,500,1702,0,glorot_normal,2469,funnel
5,1.5808956623077393,0.3850899636745453,1.1296402215957642,0.533880889415741,relu,2467,0.2354,500,168,5,he_normal,1112,triangle
16,0.9855028390884399,0.5146529674530029,0.9799314737319946,0.5318275094032288,relu,694,0.0198,500,109,4,he_normal,1112,brick
5,4.302886486053467,0.3892030715942383,1.2609126567840576,0.30184805393218994,relu,1876,0.5489999999999999,500,168,4,he_normal,1112,funnel
207,1.1785168647766113,0.42982006072998047,0.9859189391136169,0.5256673693656921,relu,694,0.7547999999999998,500,168,0,he_normal,581,funnel
9,1.970585584640503,0.41028279066085815,1.033678650856018,0.5379877090454102,relu,2467,0.6077999999999999,500,1702,2,he_normal,1643,brick
6,1.5095983743667603,0.4493573307991028,1.0315544605255127,0.48049280047416687,relu,1285,0.30399999999999994,500,2587,5,he_normal,1112,triangle
10,1.2233582735061646,0.44164523482322693,1.1232110261917114,0.4517453908920288,relu,3649,0.2354,500,2174,5,he_normal,1112,triangle
184,1.0102496147155762,0.4606683850288391,1.0171962976455688,0.5195071697235107,relu,1285,0.5489999999999999,500,168,4,glorot_normal,581,brick
195,1.0646641254425049,0.4473007619380951,1.0785560607910156,0.4558521509170532,relu,694,0.6175999999999999,500,109,5,glorot_normal,50,triangle
83,0.9794045686721802,0.5269922614097595,0.979161262512207,0.5277207493782043,relu,1285,0.0198,500,168,2,glorot_normal,2469,brick
357,1.0358268022537231,0.47866323590278625,0.9862582087516785,0.5256673693656921,relu,1285,0.30399999999999994,500,168,0,he_normal,50,triangle
15,0.9827868342399597,0.523907482624054,0.9814440608024597,0.533880889415741,relu,2467,0.0198,500,1702,4,glorot_normal,2115,funnel
9,4.429523944854736,0.3362467885017395,1.017051339149475,0.5071868300437927,relu,694,0.6077999999999999,500,109,4,he_normal,2115,brick
6,1.1048271656036377,0.4051413834095001,1.0940306186676025,0.4558521509170532,relu,1285,0.7547999999999998,500,2587,5,glorot_normal,1112,triangle
314,1.0929791927337646,0.4473007619380951,0.9915441274642944,0.5195071697235107,relu,1876,0.5489999999999999,500,168,0,he_normal,581,funnel
282,1.0247365236282349,0.4498714506626129,1.035147786140442,0.4558521509170532,relu,694,0.5489999999999999,500,109,4,glorot_normal,50,triangle
142,0.9810546636581421,0.5264781713485718,0.9797581434249878,0.5256673693656921,relu,1285,0.7547999999999998,500,1702,0,glorot_normal,50,brick
34,0.9908311367034912,0.5259640216827393,0.9922927021980286,0.533880889415741,relu,2467,0.5489999999999999,500,2174,4,glorot_normal,1112,brick
19,0.9810006022453308,0.5295630097389221,0.9824413657188416,0.5297741293907166,relu,3649,0.30399999999999994,500,2587,2,glorot_normal,2469,funnel
119,1.0075600147247314,0.510025680065155,0.9899241328239441,0.5297741293907166,relu,1285,0.7547999999999998,500,109,2,glorot_normal,2469,triangle
78,1.1177904605865479,0.46992287039756775,0.9837219715118408,0.5236139893531799,relu,3649,0.5489999999999999,500,1702,0,he_normal,2469,triangle
334,2.015213966369629,0.32904884219169617,1.0812240839004517,0.46817249059677124,relu,3649,0.7547999999999998,500,109,2,he_normal,50,triangle
10,3.0394561290740967,0.36966580152511597,0.9934250116348267,0.5441478490829468,relu,2467,0.5489999999999999,500,1702,4,he_normal,2469,brick
9,6.760194301605225,0.35835474729537964,1.0875651836395264,0.336755633354187,relu,3649,0.6175999999999999,500,1702,5,he_normal,581,brick
500,1.0244858264923096,0.4791773855686188,1.0047646760940552,0.5256673693656921,relu,1876,0.7547999999999998,500,109,0,glorot_normal,1643,triangle
12,2.526093006134033,0.38251927495002747,1.011609673500061,0.5256673693656921,relu,1876,0.5489999999999999,500,2587,4,he_normal,581,funnel
5,34.813941955566406,0.33727505803108215,1.2898262739181519,0.4558521509170532,relu,3649,0.7547999999999998,500,109,5,he_normal,2469,triangle
123,1.4377665519714355,0.3701799511909485,1.0550636053085327,0.447638601064682,relu,1876,0.5489999999999999,500,109,2,he_normal,2115,brick
24,1.0656957626342773,0.45038560032844543,1.0679600238800049,0.4558521509170532,relu,2467,0.5489999999999999,500,109,4,glorot_normal,1112,funnel
500,1.0735282897949219,0.47609254717826843,0.9847561717033386,0.5236139893531799,relu,3649,0.5489999999999999,500,168,0,he_normal,1643,funnel
500,1.1237688064575195,0.4652956426143646,0.9897351861000061,0.521560549736023,relu,2467,0.6175999999999999,500,109,0,he_normal,1112,triangle
23,0.979950487613678,0.5264781713485718,0.981583297252655,0.5297741293907166,relu,2467,0.30399999999999994,500,1702,2,glorot_normal,2469,brick
89,1.0149812698364258,0.5115681290626526,0.9868833422660828,0.5359342694282532,relu,694,0.6175999999999999,500,168,4,glorot_normal,1643,triangle
69,0.9842832088470459,0.5177378058433533,0.9834660887718201,0.5359342694282532,relu,2467,0.0198,500,2174,0,he_normal,2469,brick
8,1.0586416721343994,0.45038560032844543,1.0633811950683594,0.4558521509170532,relu,1285,0.6077999999999999,500,2174,4,glorot_normal,2469,brick
10,2.0166690349578857,0.37994858622550964,1.1111806631088257,0.5051334500312805,relu,1876,0.6077999999999999,500,1702,2,he_normal,581,triangle
252,0.9780513048171997,0.527506411075592,0.9773353338241577,0.5256673693656921,relu,2467,0.2354,500,2174,0,glorot_normal,1112,triangle
74,2.9238369464874268,0.3794344365596771,1.0840023756027222,0.45790553092956543,relu,1876,0.6077999999999999,500,109,4,he_normal,1643,brick
21,0.9788616895675659,0.5269922614097595,0.9806103706359863,0.5195071697235107,relu,1285,0.30399999999999994,500,2587,5,glorot_normal,2115,funnel
10,0.9830442070960999,0.5316195487976074,1.020171046257019,0.5359342694282532,relu,1876,0.0198,500,2587,4,glorot_normal,50,brick
203,1.0118623971939087,0.5043701529502869,0.9901863932609558,0.5400410890579224,relu,3649,0.7547999999999998,500,168,2,glorot_normal,1643,triangle
6,1.1234720945358276,0.40359896421432495,1.0932717323303223,0.4558521509170532,relu,1285,0.7547999999999998,500,2174,5,glorot_normal,2115,triangle
44,0.9919089674949646,0.5141388177871704,0.979119062423706,0.5318275094032288,relu,1285,0.7547999999999998,500,1702,2,glorot_normal,1643,funnel
59,0.9855958819389343,0.5182519555091858,0.9751945734024048,0.5379877090454102,relu,3649,0.2354,500,168,2,glorot_normal,1112,funnel
26,0.981012761592865,0.5218508839607239,0.9979100227355957,0.5400410890579224,relu,1285,0.5489999999999999,500,2174,4,glorot_normal,1643,brick
467,1.0718331336975098,0.44215938448905945,1.0759764909744263,0.4558521509170532,relu,1876,0.6175999999999999,500,168,5,glorot_normal,50,funnel
20,0.991014301776886,0.5223650336265564,0.9923111796379089,0.5359342694282532,relu,1285,0.5489999999999999,500,2587,4,glorot_normal,2469,brick
431,1.0022269487380981,0.5048843026161194,0.9826222658157349,0.5236139893531799,relu,1285,0.7547999999999998,500,168,0,glorot_normal,581,brick
94,1.0087417364120483,0.5043701529502869,0.984838604927063,0.5297741293907166,relu,3649,0.6175999999999999,500,109,2,glorot_normal,2115,triangle
394,1.0203524827957153,0.5033419132232666,0.9841936230659485,0.533880889415741,relu,694,0.30399999999999994,500,109,0,he_normal,581,brick
36,0.9779626131057739,0.523907482624054,0.9804597496986389,0.5359342694282532,relu,2467,0.0198,500,109,4,glorot_normal,1112,triangle
17,1.0269546508789062,0.5074549913406372,0.981671154499054,0.5277207493782043,relu,1285,0.2354,500,2587,0,he_normal,2115,funnel
18,1.0678935050964355,0.4498714506626129,1.076461672782898,0.4558521509170532,relu,1876,0.6175999999999999,500,1702,5,glorot_normal,1112,funnel
500,1.0389436483383179,0.4668380320072174,1.0216279029846191,0.5236139893531799,relu,2467,0.7547999999999998,500,168,2,glorot_normal,2469,brick
16,0.9892520904541016,0.5141388177871704,0.9944543242454529,0.546201229095459,relu,694,0.5489999999999999,500,2587,4,glorot_normal,1643,brick
37,0.9869275093078613,0.5177378058433533,0.9777033925056458,0.5420944690704346,relu,2467,0.6077999999999999,500,1702,2,glorot_normal,581,brick
56,0.9780659079551697,0.5254498720169067,0.9779030084609985,0.5256673693656921,relu,694,0.0198,500,168,5,glorot_normal,50,triangle
8,1.0683211088180542,0.523907482624054,1.0150095224380493,0.5195071697235107,relu,1876,0.0198,500,2587,5,he_normal,581,triangle
176,1.035058856010437,0.4493573307991028,1.0471601486206055,0.5174537897109985,relu,694,0.6077999999999999,500,168,4,glorot_normal,1643,brick
59,1.0011649131774902,0.5182519555091858,0.9775547385215759,0.5359342694282532,relu,3649,0.7547999999999998,500,2174,2,glorot_normal,1643,funnel
8,3.751281261444092,0.374807208776474,1.047958254814148,0.41067761182785034,relu,1285,0.6175999999999999,500,2587,4,he_normal,581,funnel
241,0.9784792065620422,0.5285347104072571,0.9781308174133301,0.5256673693656921,relu,3649,0.7547999999999998,500,2587,0,glorot_normal,1112,brick
87,0.9855373501777649,0.5254498720169067,0.9820754528045654,0.533880889415741,relu,2467,0.5489999999999999,500,1702,4,glorot_normal,581,triangle
43,1.1489355564117432,0.46375322341918945,0.9895017147064209,0.5174537897109985,relu,1876,0.5489999999999999,500,1702,0,he_normal,581,brick
12,4.29455041885376,0.36246785521507263,1.0318937301635742,0.5030800700187683,relu,1285,0.6175999999999999,500,2587,5,he_normal,1643,funnel
15,1.3989430665969849,0.41028279066085815,1.0454601049423218,0.47638604044914246,relu,3649,0.7547999999999998,500,2174,0,he_normal,1643,triangle
5,1.1102296113967896,0.40771207213401794,1.095277190208435,0.4558521509170532,relu,1285,0.7547999999999998,500,2587,5,glorot_normal,2115,triangle
7,1.238470196723938,0.44473007321357727,1.1036052703857422,0.4312115013599396,relu,1285,0.30399999999999994,500,168,2,he_normal,2469,funnel
9,1.2521164417266846,0.41028279066085815,1.018253207206726,0.4928131401538849,relu,1876,0.6175999999999999,500,2174,0,he_normal,50,funnel
5,4.549408435821533,0.37634962797164917,1.1150107383728027,0.4866529703140259,relu,1285,0.6077999999999999,500,2587,4,he_normal,2115,brick
227,0.9819849729537964,0.5300770998001099,0.978169858455658,0.5256673693656921,relu,3649,0.6175999999999999,500,2587,0,glorot_normal,50,triangle
7,1.1193047761917114,0.4159383177757263,1.0916194915771484,0.4558521509170532,relu,3649,0.7547999999999998,500,2174,5,glorot_normal,50,brick
128,1.026055097579956,0.4930591285228729,0.9858779311180115,0.5277207493782043,relu,2467,0.2354,500,2174,0,he_normal,581,triangle
5,2.2455179691314697,0.4174807071685791,1.3609623908996582,0.5112936496734619,relu,3649,0.30399999999999994,500,2587,4,he_normal,2115,funnel
191,1.0717309713363647,0.44164523482322693,1.083641529083252,0.4558521509170532,relu,1876,0.6077999999999999,500,168,4,glorot_normal,50,triangle
8,0.981231153011322,0.523907482624054,0.9860087633132935,0.521560549736023,relu,694,0.0198,500,1702,2,he_normal,50,triangle
6,1.6661797761917114,0.45964011549949646,1.0350037813186646,0.5256673693656921,relu,3649,0.2354,500,2174,4,he_normal,1643,triangle
40,1.3496325016021729,0.41439589858055115,0.986674427986145,0.5256673693656921,relu,1285,0.7547999999999998,500,2587,0,he_normal,2115,triangle
23,2.76704740524292,0.3388174772262573,1.0455749034881592,0.46406570076942444,relu,2467,0.6077999999999999,500,168,2,he_normal,50,triangle
5,5.211806297302246,0.33933162689208984,1.1807013750076294,0.453798770904541,relu,694,0.6175999999999999,500,168,4,he_normal,581,triangle
10,4.664087772369385,0.33727505803108215,1.0336012840270996,0.5174537897109985,relu,1285,0.6077999999999999,500,2587,5,he_normal,581,brick
76,0.9998307824134827,0.5228791832923889,0.9959876537322998,0.5256673693656921,relu,1876,0.30399999999999994,500,2174,0,glorot_normal,1643,brick
291,1.041534423828125,0.4812339246273041,0.9964686036109924,0.5297741293907166,relu,1876,0.30399999999999994,500,109,0,he_normal,2469,triangle
4,1.580289363861084,0.38303342461586,1.1857380867004395,0.35523614287376404,relu,1285,0.30399999999999994,500,109,5,he_normal,1112,funnel
35,4.780167102813721,0.3465295732021332,1.0805063247680664,0.4558521509170532,relu,694,0.6175999999999999,500,168,5,he_normal,50,triangle
7,1.0655605792999268,0.45038560032844543,1.0797139406204224,0.4558521509170532,relu,1285,0.6077999999999999,500,2587,5,glorot_normal,2115,funnel
446,1.019450306892395,0.49151670932769775,0.985247790813446,0.5236139893531799,relu,1285,0.30399999999999994,500,109,0,he_normal,2115,brick
251,0.9779360294342041,0.5311053991317749,0.9782198667526245,0.5256673693656921,relu,2467,0.6175999999999999,500,2587,0,glorot_normal,2115,triangle
30,1.1660326719284058,0.4385603964328766,1.0038554668426514,0.5030800700187683,relu,3649,0.6077999999999999,500,2587,0,he_normal,1112,triangle
99,0.9815053343772888,0.5269922614097595,0.9794065952301025,0.5256673693656921,relu,1285,0.0198,500,2174,0,glorot_normal,2115,funnel
14,0.9897470474243164,0.5131105184555054,0.9865239262580872,0.5297741293907166,relu,1285,0.30399999999999994,500,1702,4,glorot_normal,2115,triangle
5,1.384482502937317,0.46323907375335693,1.0449063777923584,0.5133470296859741,relu,694,0.30399999999999994,500,168,4,he_normal,2469,funnel
232,0.9775979518890381,0.5347043871879578,0.9843941330909729,0.5256673693656921,relu,2467,0.0198,500,109,2,glorot_normal,50,funnel
11,1.0914092063903809,0.44010281562805176,1.0192869901657104,0.4928131401538849,relu,3649,0.2354,500,2587,0,he_normal,1112,triangle
21,0.9802799820899963,0.5290488600730896,0.9808498024940491,0.5195071697235107,relu,1285,0.30399999999999994,500,2587,5,glorot_normal,2115,triangle
7,2.1052141189575195,0.4030848443508148,1.0999538898468018,0.521560549736023,relu,3649,0.6077999999999999,500,2587,2,he_normal,1112,brick
16,3.856058120727539,0.36298200488090515,1.048750400543213,0.4312115013599396,relu,1876,0.6175999999999999,500,2174,4,he_normal,2469,brick
13,8.331827163696289,0.335732638835907,1.1559444665908813,0.3182751536369324,relu,3649,0.6175999999999999,500,109,5,he_normal,1643,funnel
5,1.4364441633224487,0.33470436930656433,1.119544506072998,0.3203285336494446,relu,3649,0.30399999999999994,500,1702,4,he_normal,1112,triangle
403,0.9844164848327637,0.5197943449020386,0.9804447889328003,0.5256673693656921,relu,1285,0.30399999999999994,500,168,0,glorot_normal,1643,brick
9,1.3840426206588745,0.3902313709259033,0.9924238324165344,0.5236139893531799,relu,2467,0.30399999999999994,500,1702,5,he_normal,581,brick
7,6.883608818054199,0.34961438179016113,1.1078004837036133,0.4332648813724518,relu,1876,0.6077999999999999,500,1702,5,he_normal,1643,funnel
22,0.9880145192146301,0.5136246681213379,0.9893955588340759,0.5441478490829468,relu,2467,0.2354,500,2174,4,glorot_normal,2115,triangle
160,1.1297061443328857,0.4179948568344116,1.0119779109954834,0.5154004096984863,relu,1876,0.5489999999999999,500,168,0,he_normal,2115,funnel
221,0.9943930506706238,0.519280195236206,0.9776838421821594,0.5441478490829468,relu,3649,0.30399999999999994,500,109,4,glorot_normal,2115,brick
10,1.322562336921692,0.4066838026046753,0.9980077743530273,0.5359342694282532,relu,694,0.30399999999999994,500,109,5,he_normal,2469,funnel
4,7.818264961242676,0.3722364902496338,1.5508418083190918,0.4558521509170532,relu,1876,0.6077999999999999,500,109,5,he_normal,2469,triangle
99,0.9867545366287231,0.5244215726852417,0.9800654649734497,0.5359342694282532,relu,2467,0.6077999999999999,500,2174,4,glorot_normal,581,funnel
209,1.7541608810424805,0.3511568009853363,1.0914263725280762,0.4496919810771942,relu,2467,0.5489999999999999,500,109,5,he_normal,50,funnel
19,0.9793241024017334,0.5259640216827393,0.9806903600692749,0.5236139893531799,relu,1285,0.2354,500,2174,5,glorot_normal,1643,triangle
8,3.0984761714935303,0.37172237038612366,1.114359974861145,0.41889116168022156,relu,1876,0.5489999999999999,500,2174,4,he_normal,1112,brick
10,0.9752072095870972,0.5300770998001099,0.9828671813011169,0.5277207493782043,relu,1285,0.0198,500,1702,5,he_normal,50,funnel
500,1.0765756368637085,0.4673521816730499,0.9860532879829407,0.533880889415741,relu,3649,0.6077999999999999,500,168,0,he_normal,1112,funnel
13,3.239511728286743,0.36298200488090515,0.9852332472801208,0.5359342694282532,relu,1285,0.6077999999999999,500,1702,4,he_normal,1643,brick
9,4.277062892913818,0.35629820823669434,1.0394057035446167,0.4948665201663971,relu,1876,0.7547999999999998,500,2174,2,he_normal,2115,funnel
6,1.260446310043335,0.4133675992488861,1.1899911165237427,0.453798770904541,relu,3649,0.0198,500,2174,2,he_normal,2115,brick
33,1.3683010339736938,0.41850900650024414,0.9869688153266907,0.521560549736023,relu,1876,0.7547999999999998,500,2174,0,he_normal,2469,brick
4,1.4931999444961548,0.3727506399154663,1.1039565801620483,0.4558521509170532,relu,3649,0.2354,500,168,4,he_normal,50,funnel
500,1.0073997974395752,0.5110539793968201,0.9888601303100586,0.5420944690704346,relu,2467,0.6175999999999999,500,109,2,glorot_normal,50,brick
11,6.031580448150635,0.3681233823299408,1.0958960056304932,0.453798770904541,relu,2467,0.6175999999999999,500,2587,5,he_normal,1112,triangle
4,1.3565434217453003,0.43341901898384094,1.2178531885147095,0.4558521509170532,relu,1285,0.2354,500,109,2,he_normal,2115,triangle
13,1.2152864933013916,0.35835474729537964,1.1083234548568726,0.3470225930213928,relu,3649,0.2354,500,2174,5,he_normal,2115,triangle
4,1.7776607275009155,0.37120822072029114,1.0964937210083008,0.521560549736023,relu,1285,0.7547999999999998,500,109,5,glorot_normal,1112,brick
17,0.9822715520858765,0.527506411075592,0.9878145456314087,0.5359342694282532,relu,1285,0.0198,500,109,5,glorot_normal,1643,funnel
141,2.5382604598999023,0.35886889696121216,1.0789159536361694,0.42299795150756836,relu,2467,0.6077999999999999,500,109,4,he_normal,50,brick
8,3.5851240158081055,0.3727506399154663,0.9836967587471008,0.5318275094032288,relu,1285,0.6077999999999999,500,2587,4,he_normal,1112,brick
5,1.8438574075698853,0.3814910054206848,1.3596934080123901,0.41273099184036255,relu,2467,0.2354,500,1702,5,he_normal,581,brick
32,1.079005479812622,0.4344472885131836,1.081121563911438,0.4558521509170532,relu,1876,0.6175999999999999,500,109,5,glorot_normal,1643,triangle
13,1.540826439857483,0.3922879099845886,1.0233981609344482,0.4887063801288605,relu,2467,0.30399999999999994,500,109,5,he_normal,1112,funnel
23,0.9810022711753845,0.5203084945678711,0.9791502356529236,0.5277207493782043,relu,1285,0.2354,500,2174,5,glorot_normal,581,triangle
8,1.0781571865081787,0.4365038573741913,1.0470093488693237,0.5092402696609497,relu,694,0.30399999999999994,500,2174,5,he_normal,50,funnel
473,1.096745491027832,0.46169665455818176,0.9815343022346497,0.5154004096984863,relu,2467,0.6175999999999999,500,168,0,he_normal,2115,brick
11,1.5280776023864746,0.39485859870910645,1.18897545337677,0.4312115013599396,relu,2467,0.30399999999999994,500,168,5,he_normal,2469,funnel
5,1.1519005298614502,0.40154242515563965,1.0945086479187012,0.4558521509170532,relu,1285,0.7547999999999998,500,109,4,glorot_normal,2115,funnel
172,0.9930216073989868,0.5110539793968201,0.9817226529121399,0.5277207493782043,relu,3649,0.30399999999999994,500,168,2,glorot_normal,581,brick
8,1.27480149269104,0.4730077087879181,1.1048736572265625,0.48254621028900146,relu,1876,0.30399999999999994,500,168,2,he_normal,2115,funnel
13,1.07668137550354,0.4663239121437073,0.9871509075164795,0.5133470296859741,relu,694,0.2354,500,168,4,he_normal,1643,funnel
6,1.0999408960342407,0.4282776415348053,1.0934282541275024,0.4558521509170532,relu,1876,0.7547999999999998,500,2587,5,glorot_normal,1112,triangle
7,1.253880262374878,0.44164523482322693,1.0929921865463257,0.42505133152008057,relu,1876,0.2354,500,1702,5,he_normal,2115,triangle
45,0.981505274772644,0.5295630097389221,0.9825067520141602,0.5256673693656921,relu,2467,0.0198,500,168,5,glorot_normal,581,triangle
11,1.0589834451675415,0.45038560032844543,1.0651410818099976,0.4558521509170532,relu,2467,0.6077999999999999,500,2174,4,glorot_normal,50,brick
8,0.9867965579032898,0.5156812071800232,0.9877586364746094,0.533880889415741,relu,1285,0.0198,500,2587,4,glorot_normal,1112,brick
124,0.9974201321601868,0.5218508839607239,0.9804664850234985,0.5400410890579224,relu,3649,0.2354,500,168,4,glorot_normal,2469,brick
8,1.0789685249328613,0.4431876540184021,1.0891633033752441,0.4558521509170532,relu,1285,0.7547999999999998,500,2587,4,glorot_normal,50,triangle
28,1.0407761335372925,0.46580976247787476,0.9873804450035095,0.5277207493782043,relu,1876,0.2354,500,2174,0,he_normal,50,triangle
8,1.8381682634353638,0.38200515508651733,0.9957588315010071,0.5379877090454102,relu,3649,0.5489999999999999,500,1702,2,he_normal,50,brick
18,0.9911784529685974,0.5249357223510742,1.009055256843567,0.546201229095459,relu,1876,0.30399999999999994,500,2174,4,glorot_normal,2115,brick
19,1.1354948282241821,0.42467865347862244,1.0523220300674438,0.47433266043663025,relu,3649,0.30399999999999994,500,2174,0,he_normal,2469,funnel
39,1.159988522529602,0.45038560032844543,0.9817897081375122,0.5256673693656921,relu,1876,0.6077999999999999,500,1702,0,he_normal,1643,brick
11,1.0667859315872192,0.45038560032844543,1.0695282220840454,0.4558521509170532,relu,1876,0.5489999999999999,500,1702,5,glorot_normal,2469,brick
5,9.92508602142334,0.35064268112182617,1.3427382707595825,0.4558521509170532,relu,2467,0.6175999999999999,500,109,5,he_normal,2115,triangle
204,0.9908216595649719,0.5069409012794495,0.9823399782180786,0.5318275094032288,relu,3649,0.30399999999999994,500,168,2,glorot_normal,50,triangle
31,0.9965234398841858,0.5203084945678711,0.9966250061988831,0.5277207493782043,relu,1285,0.5489999999999999,500,2174,5,glorot_normal,1643,funnel
50,0.9948598742485046,0.5161953568458557,0.9773597717285156,0.5318275094032288,relu,2467,0.7547999999999998,500,2174,2,glorot_normal,2115,triangle
9,1.06087064743042,0.45038560032844543,1.070549726486206,0.4558521509170532,relu,2467,0.5489999999999999,500,2587,5,glorot_normal,2469,brick
40,1.315595269203186,0.43341901898384094,0.9954928755760193,0.533880889415741,relu,3649,0.7547999999999998,500,2587,0,he_normal,581,triangle
10,1.0410252809524536,0.48329049348831177,1.0007646083831787,0.5195071697235107,relu,694,0.2354,500,2587,4,he_normal,2115,funnel
44,0.9990014433860779,0.5059126019477844,0.9783648252487183,0.5359342694282532,relu,1285,0.6077999999999999,500,168,2,glorot_normal,2115,funnel
34,0.9858523607254028,0.5233933329582214,0.977369487285614,0.533880889415741,relu,1876,0.6175999999999999,500,2587,2,glorot_normal,2115,triangle
24,0.9807237386703491,0.5280205607414246,0.9814949631690979,0.5277207493782043,relu,2467,0.2354,500,2587,2,glorot_normal,581,funnel
5,7.445878505706787,0.3300771117210388,1.0643513202667236,0.447638601064682,relu,2467,0.6077999999999999,500,2174,5,he_normal,2469,funnel
6,1.0670591592788696,0.44884318113327026,1.0477123260498047,0.5092402696609497,relu,2467,0.0198,500,1702,2,he_normal,1112,funnel
470,0.9803011417388916,0.5264781713485718,0.9790487289428711,0.5256673693656921,relu,1285,0.0198,500,109,0,glorot_normal,2115,triangle
17,1.5286732912063599,0.39125964045524597,1.0364395380020142,0.521560549736023,relu,1876,0.30399999999999994,500,109,5,he_normal,1643,brick
35,1.1911594867706299,0.4344472885131836,1.0016591548919678,0.521560549736023,relu,2467,0.6077999999999999,500,1702,0,he_normal,2469,funnel
500,1.0292878150939941,0.4642673432826996,1.02912437915802,0.5154004096984863,relu,3649,0.7547999999999998,500,168,2,glorot_normal,581,brick
500,0.9804832339286804,0.5300770998001099,0.9860318899154663,0.5236139893531799,relu,3649,0.0198,500,168,0,he_normal,581,brick
24,1.0728033781051636,0.4457583427429199,1.068477988243103,0.4558521509170532,relu,2467,0.5489999999999999,500,109,4,glorot_normal,581,funnel
13,0.9778860807418823,0.5131105184555054,0.9891481399536133,0.5318275094032288,relu,1285,0.0198,500,168,2,he_normal,2115,funnel
73,0.9827570915222168,0.5151671171188354,0.9781923294067383,0.5236139893531799,relu,2467,0.0198,500,2174,0,he_normal,1112,brick
19,0.9787269234657288,0.5264781713485718,0.9828458428382874,0.5256673693656921,relu,694,0.2354,500,1702,5,glorot_normal,1112,funnel
84,0.9958999156951904,0.5187660455703735,0.9777531027793884,0.533880889415741,relu,694,0.30399999999999994,500,168,4,glorot_normal,2115,brick
66,0.9928963780403137,0.5197943449020386,0.982742190361023,0.5297741293907166,relu,2467,0.2354,500,168,4,glorot_normal,581,funnel
125,0.9980424642562866,0.5223650336265564,0.9833800196647644,0.5318275094032288,relu,1285,0.2354,500,109,5,glorot_normal,581,brick
6,1.1880943775177002,0.5074549913406372,1.045088529586792,0.5359342694282532,relu,1285,0.2354,500,2174,2,he_normal,1643,brick
13,1.0662282705307007,0.49562981724739075,0.9788414835929871,0.533880889415741,relu,1285,0.2354,500,2587,4,he_normal,1112,triangle
500,0.9977370500564575,0.5156812071800232,0.9938393235206604,0.5277207493782043,relu,3649,0.0198,500,168,0,he_normal,1643,funnel
404,1.006455421447754,0.5079691410064697,0.9934741258621216,0.5277207493782043,relu,1876,0.6077999999999999,500,168,0,glorot_normal,2115,funnel
114,0.9895651936531067,0.5228791832923889,0.9867016077041626,0.521560549736023,relu,1876,0.6077999999999999,500,2587,0,glorot_normal,581,funnel
98,0.9796085357666016,0.5264781713485718,0.9786277413368225,0.5256673693656921,relu,694,0.5489999999999999,500,2174,0,glorot_normal,581,triangle
24,0.985900342464447,0.5269922614097595,0.9803290963172913,0.5420944690704346,relu,1285,0.6077999999999999,500,2174,2,glorot_normal,1112,triangle
116,1.785004734992981,0.39074549078941345,1.0091474056243896,0.48459959030151367,relu,2467,0.6175999999999999,500,109,2,he_normal,581,funnel
15,1.06119966506958,0.45038560032844543,1.0700201988220215,0.4558521509170532,relu,1876,0.6077999999999999,500,2587,5,glorot_normal,2469,brick
13,1.129393458366394,0.3979434370994568,1.0885505676269531,0.45790553092956543,relu,3649,0.7547999999999998,500,109,4,glorot_normal,2469,triangle
26,0.9866843819618225,0.5300770998001099,0.9819758534431458,0.5277207493782043,relu,694,0.0198,500,2174,0,he_normal,1112,brick
24,0.9838806986808777,0.5218508839607239,0.977837085723877,0.5441478490829468,relu,2467,0.30399999999999994,500,2174,2,glorot_normal,1112,funnel
132,1.0073076486587524,0.5182519555091858,0.9901198148727417,0.5297741293907166,relu,1876,0.2354,500,109,4,glorot_normal,50,brick
15,0.9864027500152588,0.5264781713485718,0.9850736260414124,0.5379877090454102,relu,3649,0.0198,500,1702,5,glorot_normal,581,brick
68,0.9875443577766418,0.5177378058433533,0.978888213634491,0.5420944690704346,relu,1876,0.7547999999999998,500,2174,2,glorot_normal,1112,brick
33,1.728269100189209,0.3768637478351593,1.0190211534500122,0.4907597601413727,relu,1876,0.5489999999999999,500,109,2,he_normal,1112,brick
152,1.006900668144226,0.5136246681213379,0.9836615920066833,0.5400410890579224,relu,1876,0.2354,500,109,5,glorot_normal,1112,brick
90,0.9797078967094421,0.5259640216827393,0.9784908890724182,0.5277207493782043,relu,694,0.6175999999999999,500,2587,0,glorot_normal,2469,triangle
150,1.0456427335739136,0.45295628905296326,1.0417091846466064,0.4558521509170532,relu,1285,0.5489999999999999,500,168,4,glorot_normal,50,triangle
4,4.687833309173584,0.39742931723594666,1.568659782409668,0.4558521509170532,relu,2467,0.7547999999999998,500,2174,2,he_normal,1112,brick
278,1.0449609756469727,0.44678664207458496,1.0394268035888672,0.4558521509170532,relu,1285,0.5489999999999999,500,168,5,glorot_normal,50,funnel
23,1.0777792930603027,0.43187659978866577,1.0720092058181763,0.4558521509170532,relu,1285,0.6175999999999999,500,109,4,glorot_normal,1112,triangle
9,1.1098655462265015,0.41696658730506897,1.0842835903167725,0.4558521509170532,relu,694,0.7547999999999998,500,2174,4,glorot_normal,581,funnel
43,0.998698353767395,0.5254498720169067,0.9783405661582947,0.5359342694282532,relu,1285,0.6077999999999999,500,1702,2,glorot_normal,50,funnel
9,4.010308742523193,0.38251927495002747,1.1485098600387573,0.4558521509170532,relu,2467,0.6077999999999999,500,2587,4,he_normal,1643,brick
213,1.6199477910995483,0.3681233823299408,1.0925192832946777,0.4332648813724518,relu,2467,0.6077999999999999,500,168,4,he_normal,2469,brick
47,1.142783522605896,0.4565552771091461,0.9890335202217102,0.5318275094032288,relu,3649,0.5489999999999999,500,2174,0,he_normal,1643,funnel
52,2.594022274017334,0.34395885467529297,1.088869333267212,0.35934290289878845,relu,1876,0.5489999999999999,500,109,4,he_normal,581,brick
8,2.8976874351501465,0.3809768557548523,1.0398935079574585,0.5112936496734619,relu,694,0.5489999999999999,500,2174,5,he_normal,2115,funnel
10,1.2370365858078003,0.43393316864967346,1.0292547941207886,0.46611911058425903,relu,3649,0.30399999999999994,500,168,4,he_normal,2469,triangle
428,0.9841164946556091,0.5249357223510742,0.9811909198760986,0.5236139893531799,relu,1285,0.2354,500,109,0,glorot_normal,581,brick
8,3.391327142715454,0.36915168166160583,0.9945049285888672,0.5154004096984863,relu,694,0.6175999999999999,500,2587,4,he_normal,2469,funnel
7,1.5651506185531616,0.4215938448905945,1.0990586280822754,0.5297741293907166,relu,3649,0.2354,500,1702,4,he_normal,2469,funnel
8,3.755120038986206,0.3917737901210785,1.0484975576400757,0.5523613691329956,relu,2467,0.7547999999999998,500,2587,2,he_normal,2469,funnel
10,0.9804761409759521,0.5280205607414246,0.9824562668800354,0.5359342694282532,relu,694,0.0198,500,2174,2,glorot_normal,1112,funnel
7,1.2241239547729492,0.41233932971954346,1.0632742643356323,0.46406570076942444,relu,1876,0.2354,500,1702,4,he_normal,1643,funnel
116,0.9830453395843506,0.5290488600730896,0.9805833697319031,0.5256673693656921,relu,1285,0.30399999999999994,500,1702,0,glorot_normal,581,brick
169,1.0476620197296143,0.4498714506626129,1.076704502105713,0.4558521509170532,relu,694,0.6175999999999999,500,168,5,glorot_normal,50,triangle
5,8.815953254699707,0.33316195011138916,1.1011645793914795,0.453798770904541,relu,2467,0.6077999999999999,500,168,5,he_normal,581,triangle
6,1.0202991962432861,0.4920308589935303,1.0195239782333374,0.5359342694282532,relu,3649,0.0198,500,1702,2,he_normal,581,triangle
14,14.481290817260742,0.344987154006958,1.0950510501861572,0.336755633354187,relu,3649,0.7547999999999998,500,109,4,he_normal,2469,triangle
19,0.9853999614715576,0.5213367342948914,0.9860837459564209,0.5359342694282532,relu,1876,0.2354,500,1702,4,glorot_normal,2115,funnel
115,0.9886814951896667,0.5223650336265564,0.9851797223091125,0.521560549736023,relu,1876,0.2354,500,1702,0,glorot_normal,50,brick
385,1.0852957963943481,0.44164523482322693,1.0005697011947632,0.5318275094032288,relu,1876,0.2354,500,109,0,he_normal,1112,brick
4,3.650395393371582,0.3660668432712555,1.1063891649246216,0.3839835822582245,relu,1876,0.5489999999999999,500,109,4,he_normal,581,triangle
11,3.7296946048736572,0.3701799511909485,1.0949962139129639,0.3449692130088806,relu,3649,0.5489999999999999,500,109,4,he_normal,2115,brick
8,0.9869564771652222,0.5244215726852417,0.993194043636322,0.521560549736023,relu,694,0.0198,500,1702,5,glorot_normal,2115,triangle
8,5.51796817779541,0.33521851897239685,1.0547493696212769,0.5010266900062561,relu,694,0.6175999999999999,500,2174,5,he_normal,581,triangle
26,0.9868459105491638,0.5280205607414246,0.9885796308517456,0.5318275094032288,relu,694,0.5489999999999999,500,2587,4,glorot_normal,581,triangle
170,0.9983339309692383,0.5285347104072571,0.9816932678222656,0.5297741293907166,relu,1285,0.30399999999999994,500,109,2,glorot_normal,50,funnel
12,1.0502548217773438,0.46580976247787476,0.9866489171981812,0.521560549736023,relu,694,0.2354,500,2587,0,he_normal,1643,triangle
66,0.9988607168197632,0.5110539793968201,0.9817638397216797,0.5379877090454102,relu,2467,0.5489999999999999,500,168,2,glorot_normal,2115,funnel
21,0.9814853668212891,0.5269922614097595,0.9839479923248291,0.5318275094032288,relu,2467,0.2354,500,2587,2,glorot_normal,1112,funnel
4,8.154484748840332,0.3938303291797638,1.3326960802078247,0.3880903422832489,relu,3649,0.6077999999999999,500,2174,5,he_normal,50,triangle
9,1.0955277681350708,0.4257069528102875,1.0879158973693848,0.4558521509170532,relu,1285,0.7547999999999998,500,1702,4,glorot_normal,581,triangle
378,1.046013593673706,0.4498714506626129,1.0587575435638428,0.4558521509170532,relu,2467,0.5489999999999999,500,109,5,glorot_normal,2469,brick
8,1.0695761442184448,0.45038560032844543,1.076319932937622,0.4558521509170532,relu,1285,0.6077999999999999,500,2587,5,glorot_normal,1112,funnel
111,0.9808546304702759,0.5244215726852417,0.9788788557052612,0.5256673693656921,relu,1285,0.30399999999999994,500,2174,0,glorot_normal,2115,triangle
500,1.013607144355774,0.5182519555091858,0.992529034614563,0.5256673693656921,relu,3649,0.5489999999999999,500,109,0,glorot_normal,1112,funnel
21,0.9992334246635437,0.5187660455703735,0.9866999387741089,0.5441478490829468,relu,1876,0.30399999999999994,500,2174,5,glorot_normal,2115,funnel
22,5.9490461349487305,0.34550127387046814,1.0379921197891235,0.47227925062179565,relu,2467,0.6077999999999999,500,109,5,he_normal,581,triangle
224,0.9772799611091614,0.527506411075592,0.9771783947944641,0.5277207493782043,relu,3649,0.0198,500,2587,0,glorot_normal,581,funnel
500,1.0082368850708008,0.5023136138916016,0.9892869591712952,0.5154004096984863,relu,1285,0.7547999999999998,500,109,0,glorot_normal,2469,funnel
6,1.0792285203933716,0.44267353415489197,1.0802693367004395,0.4558521509170532,relu,694,0.6175999999999999,500,168,4,glorot_normal,1643,funnel
28,2.359510898590088,0.41182518005371094,0.9833918213844299,0.5154004096984863,relu,694,0.7547999999999998,500,1702,2,he_normal,1643,brick
8,1.5944255590438843,0.3578406274318695,1.0833280086517334,0.3860369622707367,relu,3649,0.30399999999999994,500,2174,4,he_normal,1643,funnel
21,0.9767872095108032,0.5285347104072571,0.9798778295516968,0.5174537897109985,relu,1285,0.2354,500,2587,5,glorot_normal,2115,triangle
109,14.153190612792969,0.340874046087265,1.0737438201904297,0.4558521509170532,relu,1876,0.7547999999999998,500,109,4,he_normal,581,brick
4,1.3812799453735352,0.4303341805934906,1.2254095077514648,0.4558521509170532,relu,3649,0.30399999999999994,500,168,2,he_normal,2115,funnel
6,1.8326908349990845,0.44832906126976013,1.1708812713623047,0.47638604044914246,relu,2467,0.2354,500,2587,5,he_normal,1112,triangle
56,0.9879716038703918,0.5259640216827393,0.9791876673698425,0.5236139893531799,relu,1285,0.5489999999999999,500,2174,4,glorot_normal,581,funnel
38,0.9837221503257751,0.5233933329582214,0.978899359703064,0.5359342694282532,relu,1285,0.2354,500,168,2,glorot_normal,1112,triangle
7,6.117841720581055,0.3619537353515625,1.055595874786377,0.47022587060928345,relu,3649,0.6077999999999999,500,2174,5,he_normal,1643,funnel
6,2.0209860801696777,0.4030848443508148,1.0307093858718872,0.5256673693656921,relu,694,0.6175999999999999,500,1702,2,he_normal,1643,brick
132,1.013077735900879,0.49562981724739075,0.9905760288238525,0.5400410890579224,relu,694,0.7547999999999998,500,168,2,glorot_normal,1112,funnel
9,4.626841068267822,0.36246785521507263,1.0100620985031128,0.5092402696609497,relu,1876,0.6175999999999999,500,1702,4,he_normal,2115,triangle
500,1.0063432455062866,0.5125964283943176,0.9983483552932739,0.5195071697235107,relu,3649,0.6077999999999999,500,109,0,glorot_normal,581,funnel
8,1.2306079864501953,0.4195372760295868,1.0280003547668457,0.4887063801288605,relu,1876,0.6175999999999999,500,2587,0,he_normal,2469,brick
30,0.996815025806427,0.5120822787284851,0.9853872656822205,0.5318275094032288,relu,3649,0.2354,500,109,5,glorot_normal,2469,triangle
10,1.085067629814148,0.46323907375335693,0.9884004592895508,0.5092402696609497,relu,694,0.30399999999999994,500,2174,5,he_normal,50,triangle
10,4.081612586975098,0.34807199239730835,1.054569959640503,0.5174537897109985,relu,3649,0.7547999999999998,500,2587,2,he_normal,1112,brick
12,0.9838800430297852,0.5259640216827393,0.9829670786857605,0.5400410890579224,relu,694,0.5489999999999999,500,2174,2,glorot_normal,1643,brick
24,1.0311065912246704,0.47609254717826843,0.9818852543830872,0.5236139893531799,relu,694,0.2354,500,2587,0,he_normal,1643,funnel
500,1.0173654556274414,0.4899742901325226,0.9934682846069336,0.5277207493782043,relu,2467,0.7547999999999998,500,168,0,glorot_normal,2115,brick
29,0.985901951789856,0.5244215726852417,0.9796934723854065,0.5441478490829468,relu,2467,0.5489999999999999,500,2587,2,glorot_normal,1112,funnel
32,1.1965034008026123,0.4262210726737976,0.9839709401130676,0.5256673693656921,relu,694,0.6077999999999999,500,1702,0,he_normal,2469,brick
8,23.966161727905273,0.37326478958129883,1.1212674379348755,0.4558521509170532,relu,694,0.7547999999999998,500,2587,5,he_normal,1643,triangle
20,0.9786413908004761,0.5295630097389221,0.981989860534668,0.5277207493782043,relu,3649,0.0198,500,1702,2,glorot_normal,2115,triangle
26,0.9811204075813293,0.5295630097389221,0.9805096983909607,0.533880889415741,relu,2467,0.2354,500,2174,2,glorot_normal,581,funnel
4,4.562471866607666,0.3578406274318695,1.184783697128296,0.45790553092956543,relu,3649,0.7547999999999998,500,1702,2,he_normal,581,triangle
62,1.1888998746871948,0.4411311149597168,0.983920693397522,0.5297741293907166,relu,2467,0.6077999999999999,500,1702,0,he_normal,1112,brick
53,0.9894351363182068,0.5182519555091858,0.9752874374389648,0.5420944690704346,relu,1285,0.30399999999999994,500,168,2,glorot_normal,581,funnel
13,0.9687477350234985,0.5218508839607239,0.9939939975738525,0.5133470296859741,relu,694,0.0198,500,1702,5,he_normal,50,brick
31,0.98517906665802,0.5285347104072571,0.9801611304283142,0.5318275094032288,relu,1285,0.30399999999999994,500,1702,2,glorot_normal,50,funnel
11,0.9682775735855103,0.535732626914978,0.9963247776031494,0.5277207493782043,relu,1285,0.0198,500,2587,2,he_normal,1112,funnel
97,0.9892193675041199,0.523907482624054,0.9877086877822876,0.5236139893531799,relu,1876,0.2354,500,2587,0,glorot_normal,1112,triangle
51,0.9937800168991089,0.5156812071800232,0.9784492254257202,0.5400410890579224,relu,3649,0.7547999999999998,500,2174,2,glorot_normal,581,brick
17,0.9887455105781555,0.5259640216827393,0.9873046875,0.5420944690704346,relu,694,0.6175999999999999,500,2587,2,glorot_normal,2115,funnel
255,0.9806873798370361,0.5269922614097595,0.9779278039932251,0.5256673693656921,relu,2467,0.6077999999999999,500,2587,0,glorot_normal,2469,funnel
29,2.108952283859253,0.37994858622550964,0.9868828654289246,0.5277207493782043,relu,3649,0.6175999999999999,500,109,2,he_normal,1643,triangle
6,1.084309458732605,0.44267353415489197,1.0389631986618042,0.5277207493782043,relu,2467,0.0198,500,1702,2,he_normal,1112,brick
7,1.1142319440841675,0.40976864099502563,1.094409465789795,0.4558521509170532,relu,2467,0.7547999999999998,500,2587,5,glorot_normal,1112,triangle
32,0.9881385564804077,0.5311053991317749,0.9802951216697693,0.5379877090454102,relu,1876,0.6175999999999999,500,2587,2,glorot_normal,1643,funnel
4,35.16084289550781,0.36349615454673767,1.1939170360565186,0.4558521509170532,relu,3649,0.7547999999999998,500,2587,5,he_normal,1643,funnel
7,1.8791066408157349,0.44267353415489197,1.3118243217468262,0.5092402696609497,relu,1876,0.5489999999999999,500,2587,2,he_normal,2469,funnel
7,1.271465539932251,0.4406169652938843,1.0797191858291626,0.4394250512123108,relu,2467,0.30399999999999994,500,168,2,he_normal,2469,funnel
500,1.0135571956634521,0.5156812071800232,1.0017648935317993,0.5277207493782043,relu,3649,0.5489999999999999,500,109,0,glorot_normal,2115,funnel
89,0.9825065732002258,0.5249357223510742,0.9795010685920715,0.5236139893531799,relu,1285,0.30399999999999994,500,2587,0,glorot_normal,2115,brick
10,4.056819438934326,0.3727506399154663,1.0332101583480835,0.5133470296859741,relu,1876,0.7547999999999998,500,1702,2,he_normal,2469,triangle
168,1.027838110923767,0.47403597831726074,0.9956071376800537,0.5420944690704346,relu,694,0.30399999999999994,500,168,5,he_normal,1643,brick
500,0.9910753965377808,0.5290488600730896,0.9872229099273682,0.5236139893531799,relu,2467,0.30399999999999994,500,168,0,glorot_normal,2115,funnel
500,1.1524375677108765,0.4329048991203308,0.9909572601318359,0.5400410890579224,relu,2467,0.7547999999999998,500,168,0,he_normal,1643,brick
293,1.3274166584014893,0.3640102744102478,1.0870822668075562,0.4558521509170532,relu,2467,0.5489999999999999,500,168,4,he_normal,50,funnel
302,0.9898775815963745,0.5203084945678711,0.9804397225379944,0.5256673693656921,relu,694,0.5489999999999999,500,168,0,glorot_normal,1112,funnel
13,0.9799999594688416,0.5321336984634399,0.9838205575942993,0.521560549736023,relu,694,0.0198,500,109,4,glorot_normal,1643,funnel
500,1.021998405456543,0.4904884397983551,0.9949869513511658,0.5236139893531799,relu,3649,0.7547999999999998,500,168,0,glorot_normal,2469,brick
7,1.3033030033111572,0.44164523482322693,1.1333345174789429,0.4558521509170532,relu,2467,0.2354,500,168,2,he_normal,1112,funnel
21,0.9900747537612915,0.5136246681213379,0.9902522563934326,0.5482546091079712,relu,3649,0.2354,500,2587,4,glorot_normal,2115,triangle
136,0.9911214113235474,0.5285347104072571,0.9768099188804626,0.5236139893531799,relu,3649,0.2354,500,168,2,glorot_normal,581,brick
13,0.9865057468414307,0.5208226442337036,0.9998615980148315,0.5256673693656921,relu,1876,0.2354,500,2587,4,glorot_normal,2469,funnel
21,0.9876551628112793,0.5110539793968201,0.9862501621246338,0.5420944690704346,relu,2467,0.2354,500,2587,4,glorot_normal,2115,triangle
11,1.4288734197616577,0.40102827548980713,1.1231938600540161,0.4373716711997986,relu,2467,0.30399999999999994,500,109,4,he_normal,1643,funnel
14,0.9875943660736084,0.523907482624054,1.004575490951538,0.5256673693656921,relu,1285,0.0198,500,168,2,he_normal,581,funnel
9,1.0619655847549438,0.45038560032844543,1.0678960084915161,0.4558521509170532,relu,2467,0.6175999999999999,500,2587,4,glorot_normal,581,brick
17,0.982344925403595,0.5290488600730896,0.9865853786468506,0.5277207493782043,relu,1876,0.0198,500,109,4,glorot_normal,2469,funnel
8,1.0581985712051392,0.4642673432826996,0.9863908886909485,0.5318275094032288,relu,694,0.2354,500,1702,5,he_normal,50,brick
36,0.9854472279548645,0.5228791832923889,0.9778761863708496,0.5359342694282532,relu,694,0.2354,500,168,2,glorot_normal,581,triangle
23,1.0639387369155884,0.4493573307991028,1.0678542852401733,0.4558521509170532,relu,3649,0.5489999999999999,500,109,5,glorot_normal,1643,triangle
87,1.2390538454055786,0.37789201736450195,1.0265527963638306,0.4599589407444,relu,1876,0.30399999999999994,500,109,4,he_normal,581,brick
13,1.0755267143249512,0.4498714506626129,1.068084478378296,0.4558521509170532,relu,3649,0.6077999999999999,500,168,4,glorot_normal,2469,triangle
8,1.0661147832870483,0.45038560032844543,1.0706580877304077,0.4558521509170532,relu,1285,0.6175999999999999,500,1702,4,glorot_normal,1643,funnel
357,1.0449268817901611,0.4668380320072174,0.9910661578178406,0.5400410890579224,relu,1876,0.2354,500,109,0,he_normal,1112,funnel
26,3.8637306690216064,0.36760926246643066,1.0643032789230347,0.4558521509170532,relu,1285,0.6077999999999999,500,109,4,he_normal,2115,brick
17,1.3130786418914795,0.3861182630062103,1.1143931150436401,0.4558521509170532,relu,1285,0.6175999999999999,500,2174,0,he_normal,1112,funnel
500,1.091801643371582,0.4473007619380951,1.0226541757583618,0.4948665201663971,relu,2467,0.30399999999999994,500,109,0,he_normal,2469,funnel
140,0.9916427731513977,0.5244215726852417,0.9857794642448425,0.5195071697235107,relu,1876,0.7547999999999998,500,2174,0,glorot_normal,1643,funnel
8,1.411527395248413,0.41850900650024414,1.043929934501648,0.435318261384964,relu,1876,0.30399999999999994,500,2174,5,he_normal,50,triangle
66,1.0017660856246948,0.5233933329582214,0.9840887784957886,0.5359342694282532,relu,694,0.6077999999999999,500,168,4,glorot_normal,1643,triangle
6,1.5610495805740356,0.3341902196407318,1.1061151027679443,0.441478431224823,relu,2467,0.30399999999999994,500,1702,4,he_normal,1643,funnel
7,1.019788146018982,0.5177378058433533,0.9828234314918518,0.533880889415741,relu,3649,0.0198,500,1702,2,he_normal,50,triangle
22,0.991251528263092,0.5151671171188354,0.9891313314437866,0.5503079891204834,relu,3649,0.2354,500,2587,5,glorot_normal,2115,triangle
183,1.7561697959899902,0.36246785521507263,1.0586292743682861,0.46201232075691223,relu,694,0.7547999999999998,500,109,2,he_normal,1112,brick
8,1.084708333015442,0.43136247992515564,1.0850909948349,0.4558521509170532,relu,1876,0.7547999999999998,500,2174,4,glorot_normal,581,brick
135,0.9838976263999939,0.527506411075592,0.9794468283653259,0.5236139893531799,relu,1285,0.6175999999999999,500,1702,0,glorot_normal,1112,triangle
31,0.9815338253974915,0.5300770998001099,0.9760616421699524,0.5256673693656921,relu,694,0.0198,500,1702,0,he_normal,2469,brick
356,0.9869148135185242,0.5172236561775208,0.9804251790046692,0.5236139893531799,relu,1285,0.30399999999999994,500,168,0,glorot_normal,2469,funnel
500,1.0004810094833374,0.5172236561775208,0.9824147820472717,0.5256673693656921,relu,1285,0.7547999999999998,500,168,0,glorot_normal,2469,triangle
6,1.0673950910568237,0.45038560032844543,1.0795402526855469,0.4558521509170532,relu,1285,0.6077999999999999,500,2587,5,glorot_normal,2469,funnel
125,0.9873594641685486,0.5280205607414246,0.9856681823730469,0.5256673693656921,relu,1876,0.2354,500,1702,0,glorot_normal,1112,funnel
97,0.9963211417198181,0.5249357223510742,0.9899339079856873,0.5277207493782043,relu,1876,0.2354,500,1702,0,glorot_normal,50,funnel
35,0.9859262704849243,0.5285347104072571,0.978702187538147,0.5379877090454102,relu,2467,0.6175999999999999,500,2587,2,glorot_normal,1112,funnel
316,1.0127092599868774,0.5079691410064697,0.9855849146842957,0.5420944690704346,relu,1285,0.6077999999999999,500,109,2,glorot_normal,1112,brick
233,0.9954144358634949,0.5110539793968201,0.9755827784538269,0.5420944690704346,relu,3649,0.30399999999999994,500,168,4,glorot_normal,50,triangle
500,1.0039526224136353,0.5059126019477844,0.988021194934845,0.521560549736023,relu,2467,0.6175999999999999,500,168,0,glorot_normal,1112,brick
349,0.9819592237472534,0.5264781713485718,0.9810895323753357,0.5256673693656921,relu,1285,0.0198,500,168,0,glorot_normal,1643,funnel
7,1.3881289958953857,0.4622108042240143,1.0199668407440186,0.5154004096984863,relu,1876,0.30399999999999994,500,2174,4,he_normal,1112,brick
366,0.9936769604682922,0.5187660455703735,0.9870853424072266,0.5256673693656921,relu,1876,0.0198,500,168,0,he_normal,2469,brick
388,1.6781209707260132,0.3665809631347656,1.0857961177825928,0.4558521509170532,relu,3649,0.7547999999999998,500,168,2,he_normal,50,triangle
6,1.2568305730819702,0.335732638835907,1.121538519859314,0.42094457149505615,relu,2467,0.0198,500,1702,4,he_normal,50,brick
62,0.9981818795204163,0.5187660455703735,0.9790171384811401,0.546201229095459,relu,2467,0.7547999999999998,500,2587,2,glorot_normal,581,triangle
154,1.0220059156417847,0.4899742901325226,1.0013748407363892,0.533880889415741,relu,2467,0.7547999999999998,500,109,2,glorot_normal,2115,funnel
9,2.2251861095428467,0.3861182630062103,1.0045126676559448,0.5174537897109985,relu,694,0.5489999999999999,500,1702,4,he_normal,2469,brick
122,0.9820459485054016,0.5295630097389221,0.9788670539855957,0.5256673693656921,relu,1285,0.6175999999999999,500,2174,0,glorot_normal,1112,triangle
4,17.813648223876953,0.35064268112182617,1.243307113647461,0.3737166225910187,relu,3649,0.7547999999999998,500,2587,4,he_normal,1112,funnel
9,0.9805283546447754,0.5244215726852417,0.9793214797973633,0.5277207493782043,relu,694,0.0198,500,1702,2,glorot_normal,581,brick
13,0.9802035093307495,0.5218508839607239,0.9809414148330688,0.5400410890579224,relu,694,0.5489999999999999,500,2174,2,glorot_normal,2469,brick
9,1.0247716903686523,0.45964011549949646,0.9981384873390198,0.5133470296859741,relu,1876,0.0198,500,2587,2,he_normal,1643,brick
46,1.080138087272644,0.4437018036842346,1.0843011140823364,0.4558521509170532,relu,1285,0.5489999999999999,500,168,5,glorot_normal,2469,brick
116,0.9965919256210327,0.5228791832923889,0.9811834096908569,0.5277207493782043,relu,1876,0.30399999999999994,500,168,2,glorot_normal,1643,brick
37,0.9925378561019897,0.5264781713485718,0.978411853313446,0.5400410890579224,relu,2467,0.6077999999999999,500,2587,2,glorot_normal,581,funnel
14,1.0597188472747803,0.45038560032844543,1.0652319192886353,0.4558521509170532,relu,2467,0.6077999999999999,500,2174,4,glorot_normal,1112,triangle
95,1.0269246101379395,0.47197943925857544,1.0078667402267456,0.5277207493782043,relu,1876,0.6175999999999999,500,2174,4,glorot_normal,50,funnel
6,1.159914493560791,0.357326477766037,1.0922778844833374,0.4558521509170532,relu,1285,0.7547999999999998,500,2174,4,glorot_normal,50,funnel
23,0.991848349571228,0.5187660455703735,0.9894694685935974,0.5420944690704346,relu,2467,0.2354,500,2174,5,glorot_normal,581,brick
43,1.0736680030822754,0.4755783975124359,0.9801709055900574,0.5297741293907166,relu,694,0.2354,500,168,2,he_normal,50,brick
115,0.980591893196106,0.5269922614097595,0.9789453148841858,0.5256673693656921,relu,1285,0.6077999999999999,500,2587,0,glorot_normal,1643,brick
142,0.9905040264129639,0.5223650336265564,0.9799497127532959,0.5318275094032288,relu,2467,0.2354,500,168,2,glorot_normal,2469,brick
99,0.9813892841339111,0.5321336984634399,0.9853286147117615,0.5256673693656921,relu,2467,0.0198,500,1702,0,he_normal,2115,brick
99,0.9915565252304077,0.5208226442337036,0.9888464212417603,0.5236139893531799,relu,1876,0.0198,500,2174,0,glorot_normal,2469,brick
32,0.9867891073226929,0.5203084945678711,0.9807273149490356,0.5256673693656921,relu,1285,0.0198,500,2174,0,he_normal,1112,triangle
13,1.0431774854660034,0.4858611822128296,0.9781501889228821,0.5256673693656921,relu,694,0.30399999999999994,500,1702,0,he_normal,581,funnel
6,1.0717241764068604,0.4498714506626129,1.0761933326721191,0.4558521509170532,relu,694,0.6175999999999999,500,109,4,glorot_normal,1643,funnel
20,0.9936650395393372,0.5172236561775208,0.9896602034568787,0.5359342694282532,relu,1285,0.2354,500,109,5,glorot_normal,2469,triangle
35,0.9911906123161316,0.5125964283943176,0.9735803008079529,0.5400410890579224,relu,694,0.30399999999999994,500,109,2,glorot_normal,1112,triangle
15,0.989577054977417,0.5120822787284851,0.983984649181366,0.5318275094032288,relu,1876,0.0198,500,2587,4,glorot_normal,50,funnel
5,6.270323753356934,0.3526992201805115,1.0711644887924194,0.3839835822582245,relu,1285,0.6077999999999999,500,2587,5,he_normal,1112,funnel
267,1.0339281558990479,0.45038560032844543,1.0453310012817383,0.4558521509170532,relu,1285,0.6077999999999999,500,168,4,glorot_normal,50,triangle
10,1.061232328414917,0.4683804512023926,0.9990377426147461,0.5297741293907166,relu,694,0.2354,500,1702,5,he_normal,1643,triangle
71,0.9902601838111877,0.5172236561775208,0.9770762324333191,0.5400410890579224,relu,1876,0.30399999999999994,500,168,2,glorot_normal,581,funnel
6,1.5470454692840576,0.30745500326156616,1.0195540189743042,0.5010266900062561,relu,3649,0.2354,500,1702,4,he_normal,2469,brick
5,4.323302745819092,0.3578406274318695,1.2544139623641968,0.3963038921356201,relu,2467,0.7547999999999998,500,109,2,he_normal,1112,funnel
6,4.476907730102539,0.37583547830581665,1.0324583053588867,0.41273099184036255,relu,1285,0.6175999999999999,500,2174,4,he_normal,1112,brick
18,1.4945974349975586,0.3861182630062103,0.9771095514297485,0.5318275094032288,relu,694,0.5489999999999999,500,168,2,he_normal,1112,triangle
5,1.532122254371643,0.3557840585708618,1.100557565689087,0.453798770904541,relu,694,0.30399999999999994,500,168,4,he_normal,1643,brick
500,1.2168406248092651,0.4107969105243683,0.9856815934181213,0.521560549736023,relu,3649,0.7547999999999998,500,168,0,he_normal,1643,funnel
27,1.1364860534667969,0.4406169652938843,0.9806133508682251,0.5236139893531799,relu,694,0.5489999999999999,500,1702,0,he_normal,50,funnel
45,1.0092307329177856,0.5131105184555054,0.9985082745552063,0.5359342694282532,relu,1876,0.5489999999999999,500,2587,5,glorot_normal,2115,triangle
55,1.170639157295227,0.4565552771091461,0.9886448383331299,0.5400410890579224,relu,3649,0.6077999999999999,500,1702,0,he_normal,2469,funnel
12,1.2515569925308228,0.4524421691894531,1.0517433881759644,0.4435318410396576,relu,1876,0.30399999999999994,500,2174,4,he_normal,2469,funnel
